"Address","Occurrences","Meta Robots 1","X-Robots-Tag 1","Meta Refresh 1","Canonical Link Element 1","HTTP Canonical"
"https://pay.4more.ca/","1","index, follow, max-snippet:-1, max-video-preview:-1, max-image-preview:large","","","https://pay.4more.ca/",""
"https://pay.4more.ca/product-category/pet-supplies/","1","index, follow, max-snippet:-1, max-video-preview:-1, max-image-preview:large","","","https://pay.4more.ca/product-category/pet-supplies/",""
"https://pay.4more.ca/wp-content/uploads/sites/16/2025/08/14k-gold-dipped-cubic-zirconia-16inch-300x300.webp","0","","","","",""
"https://pay.4more.ca/wp-content/uploads/sites/16/2025/01/banner-l-hair-dryer-w-opt.jpg.webp","0","","","","",""
"https://pay.4more.ca/about-pay4more/","1","index, follow, max-snippet:-1, max-video-preview:-1, max-image-preview:large","","","https://pay.4more.ca/about-pay4more/",""
"https://pay.4more.ca/product/danby-designer-3-2-cubic-feet-compact-refrigerator-stainless-look-2/","1","index, follow, max-snippet:-1, max-video-preview:-1, max-image-preview:large","","","https://pay.4more.ca/product/danby-designer-3-2-cubic-feet-compact-refrigerator-stainless-look-2/",""
"https://pay.4more.ca/product/zuru-4-pack-water-blaster-small-stealth-soaker-toy/","1","index, follow, max-snippet:-1, max-video-preview:-1, max-image-preview:large","","","https://pay.4more.ca/product/zuru-4-pack-water-blaster-small-stealth-soaker-toy/",""
"https://pay.4more.ca/product/20oz-polyethylene-sensory-water-bottle-bullseyes-playground/","1","index, follow, max-snippet:-1, max-video-preview:-1, max-image-preview:large","","","https://pay.4more.ca/product/20oz-polyethylene-sensory-water-bottle-bullseyes-playground/",""
"https://pay.4more.ca/wp-content/uploads/sites/16/2025/07/womens-clothing.jpg.webp","0","","","","",""
"https://pay.4more.ca/wp-content/uploads/sites/16/2025/07/toiletries.jpg.webp","0","","","","",""
"https://pay.4more.ca/wp-content/uploads/sites/16/2025/08/156-feather-wand-cat-toy-boots-barkley-300x300.webp","0","","","","",""
"https://pay.4more.ca/product/swimways-spring-float-premium-sunseat-pool-chairs-inflatable-pool-floats-adult-with-fast-inflation-for-ages-15-up-sky-blue/","1","index, follow, max-snippet:-1, max-video-preview:-1, max-image-preview:large","","","https://pay.4more.ca/product/swimways-spring-float-premium-sunseat-pool-chairs-inflatable-pool-floats-adult-with-fast-inflation-for-ages-15-up-sky-blue/",""
"https://pay.4more.ca/product-category/pet-supplies/cat-supplies/","1","index, follow, max-snippet:-1, max-video-preview:-1, max-image-preview:large","","","https://pay.4more.ca/product-category/pet-supplies/cat-supplies/",""
"https://pay.4more.ca/product/rtrmax-side-cutting-pliers/","1","index, follow, max-snippet:-1, max-video-preview:-1, max-image-preview:large","","","https://pay.4more.ca/product/rtrmax-side-cutting-pliers/",""
"https://pay.4more.ca/wp-content/themes/woodmart/js/scripts/global/scrollBar.min.js?ver=8.1.2","0","","","","",""
"https://pay.4more.ca/wp-content/uploads/sites/16/2025/08/zuru-4-pack-water-blaster-small-stealth-soaker-toy-2-1-150x150.webp","0","","","","",""
"https://pay.4more.ca/wp-content/uploads/sites/16/2025/07/3-Ring-Pool-Blue-Yellow-Sun-Squad-1-800x800.webp","0","","","","",""
"https://pay.4more.ca/product/13-1-led-flexible-strip-rope-light-west-arrow-ombre-color/","1","index, follow, max-snippet:-1, max-video-preview:-1, max-image-preview:large","","","https://pay.4more.ca/product/13-1-led-flexible-strip-rope-light-west-arrow-ombre-color/",""
"https://pay.4more.ca/wp-content/plugins/woocommerce/assets/js/frontend/add-to-cart-variation.min.js?ver=10.1.1","0","","","","",""
"https://pay.4more.ca/wp-content/plugins/elementor-pro/assets/js/webpack-pro.runtime.min.js?ver=3.30.0","0","","","","",""
"https://pay.4more.ca/wp-content/uploads/sites/16/2025/07/ps-thin-design-arrow.svg","0","","","","",""
"https://pay.4more.ca/wp-includes/js/imagesloaded.min.js?ver=5.0.0","0","","","","",""
"https://pay.4more.ca/product-category/home-improvements/kitchen-bath/","1","index, follow, max-snippet:-1, max-video-preview:-1, max-image-preview:large","","","https://pay.4more.ca/product-category/home-improvements/kitchen-bath/",""
"https://pay.4more.ca/product-category/home-improvements/lighting/","1","index, follow, max-snippet:-1, max-video-preview:-1, max-image-preview:large","","","https://pay.4more.ca/product-category/home-improvements/lighting/",""
"https://pay.4more.ca/wp-content/uploads/sites/16/2025/07/Husky-Heavy-Duty-52-W-x-20-D-15-Drawer-Tool-Storage-Chest-and-Cabinet-Combo-1-1-800x800.webp","0","","","","",""
"https://pay.4more.ca/product/hampton-bay-ellington-4-piece-steel-outdoor-patio-seating-set-with-malachite-green-cushions/","1","index, follow, max-snippet:-1, max-video-preview:-1, max-image-preview:large","","","https://pay.4more.ca/product/hampton-bay-ellington-4-piece-steel-outdoor-patio-seating-set-with-malachite-green-cushions/",""
"https://pay.4more.ca/wp-content/uploads/sites/16/2025/07/25-piece-pack-of-Milwaukee-SHOCKWAVE-Impact-Phillips-2-Drywall-Insert-Bits-Pro-1-800x800.webp","0","","","","",""
"https://pay.4more.ca/wp-content/uploads/sites/16/2025/08/RTRMAX-Side-cutting-pliers-1-150x150.webp","0","","","","",""
"https://pay.4more.ca/wp-content/uploads/sites/16/2025/07/13.1-LED-Flexible-Strip-Rope-Light-West-Arrow-Ombre-Color-1-800x800.webp","0","","","","",""
"https://pay.4more.ca/wp-content/uploads/sites/16/2025/07/tv-home-theater.jpg.webp","0","","","","",""
"https://pay.4more.ca/wp-content/uploads/sites/16/2025/07/12-Cup-Programmable-Coffee-Maker-Gray-Figmint-1-300x300.webp","0","","","","",""
"https://pay.4more.ca/wp-content/uploads/sites/16/2025/07/ps-bold-arrow-left.svg","0","","","","",""
"https://pay.4more.ca/wp-content/uploads/sites/16/2025/06/Swimming-NBG.png.webp","0","","","","",""
"https://pay.4more.ca/product-category/electronics/audio/","1","index, follow, max-snippet:-1, max-video-preview:-1, max-image-preview:large","","","https://pay.4more.ca/product-category/electronics/audio/",""
"https://pay.4more.ca/wp-content/themes/woodmart/js/scripts/global/swiperInit.min.js?ver=8.1.2","0","","","","",""
"https://pay.4more.ca/wp-content/uploads/sites/16/2025/07/vacuum-cleaners-floor-cleaning-machines.jpg.webp","0","","","","",""
"https://pay.4more.ca/product/large-gap-essential-jogger-pants-mens-dark-pearl-2/","1","index, follow, max-snippet:-1, max-video-preview:-1, max-image-preview:large","","","https://pay.4more.ca/product/large-gap-essential-jogger-pants-mens-dark-pearl-2/",""
"https://pay.4more.ca/product/adidas-youth-2-pack-short-black-black-camo-small/","1","index, follow, max-snippet:-1, max-video-preview:-1, max-image-preview:large","","","https://pay.4more.ca/product/adidas-youth-2-pack-short-black-black-camo-small/",""
"https://pay.4more.ca/wp-content/uploads/sites/16/2025/07/Giant-Inflatable-Unicorn-Swimming-Pool-Float-Sun-Squad-6-Long-BRAND-NEW-1-800x800.webp","0","","","","",""
"https://pay.4more.ca/wp-content/uploads/sites/16/2025/01/payment-list-opt.png","0","","","","",""
"https://pay.4more.ca/product-category/pool-care-maintenance/","1","index, follow, max-snippet:-1, max-video-preview:-1, max-image-preview:large","","","https://pay.4more.ca/product-category/pool-care-maintenance/",""
"https://pay.4more.ca/product/adidas-youth-2-pack-short-black-black-camo-small-3/","1","index, follow, max-snippet:-1, max-video-preview:-1, max-image-preview:large","","","https://pay.4more.ca/product/adidas-youth-2-pack-short-black-black-camo-small-3/",""
"https://pay.4more.ca/product/26-05-fl-oz-tall-tumbler-room-essentials/","1","index, follow, max-snippet:-1, max-video-preview:-1, max-image-preview:large","","","https://pay.4more.ca/product/26-05-fl-oz-tall-tumbler-room-essentials/",""
"https://pay.4more.ca/my-account/","1","noindex, follow","","","",""
"https://pay.4more.ca/wp-content/uploads/sites/16/2025/07/cleaning-products.jpg.webp","0","","","","",""
"https://pay.4more.ca/wp-content/themes/woodmart/js/libs/swiper.min.js?ver=8.1.2","0","","","","",""
"https://pay.4more.ca/wp-content/uploads/sites/16/2025/07/5-Section-Serving-Platter-Set-Light-Gray-Room-Essentials-Recycled-Plastic-Mi-1-800x800.webp","0","","","","",""
"https://pay.4more.ca/wp-content/uploads/sites/16/2025/07/1Pc-Not-Your-Mothers-CURL-TALK-DEFINING-CREAM-Frizz-Control-2oz-1-300x300.webp","0","","","","",""
"https://pay.4more.ca/product/5-section-serving-platter-set-light-gray-room-essentials-recycled-plastic-microwave-dishwasher-safe/","1","index, follow, max-snippet:-1, max-video-preview:-1, max-image-preview:large","","","https://pay.4more.ca/product/5-section-serving-platter-set-light-gray-room-essentials-recycled-plastic-microwave-dishwasher-safe/",""
"https://pay.4more.ca/product/14k-gold-dipped-cubic-zirconia-16inch/","1","index, follow, max-snippet:-1, max-video-preview:-1, max-image-preview:large","","","https://pay.4more.ca/product/14k-gold-dipped-cubic-zirconia-16inch/",""
"https://pay.4more.ca/wp-content/themes/woodmart/js/scripts/menu/menuOffsets.min.js?ver=8.1.2","0","","","","",""
"https://pay.4more.ca/wp-content/uploads/sites/16/2025/07/video-games.jpg.webp","0","","","","",""
"https://pay.4more.ca/best-gaming-laptop-models/","1","index, follow, max-snippet:-1, max-video-preview:-1, max-image-preview:large","","","https://pay.4more.ca/best-gaming-laptop-models/",""
"https://pay.4more.ca/product/zuru-4-pack-water-blaster-small-stealth-soaker-toy-2/","1","index, follow, max-snippet:-1, max-video-preview:-1, max-image-preview:large","","","https://pay.4more.ca/product/zuru-4-pack-water-blaster-small-stealth-soaker-toy-2/",""
"https://pay.4more.ca/wp-content/uploads/sites/16/2025/07/5-Section-Serving-Platter-Set-Light-Gray-Room-Essentials-Recycled-Plastic-Mi-1-300x300.webp","0","","","","",""
"https://pay.4more.ca/wp-content/plugins/elementor/assets/js/frontend-modules.min.js?ver=3.31.2","0","","","","",""
"https://pay.4more.ca/wp-content/uploads/sites/16/2025/06/1-2.png.webp","0","","","","",""
"https://pay.4more.ca/shopping-cart/","1","noindex, follow","","","",""
"https://pay.4more.ca/wp-content/themes/woodmart/js/scripts/global/helpers.min.js?ver=8.1.2","0","","","","",""
"https://pay.4more.ca/contact-us/","1","index, follow, max-snippet:-1, max-video-preview:-1, max-image-preview:large","","","https://pay.4more.ca/contact-us/",""
"https://pay.4more.ca/wp-content/uploads/sites/16/2025/07/10-Round-Wooden-Paddle-Serving-Board-Hearth-Hand-with-Magnolia-New-1-300x300.webp","0","","","","",""
"https://pay.4more.ca/wp-content/uploads/sites/16/2025/07/Baby-Brezza-Bottle-Sterilizer-Dryer-Electric-Steam-Sterilizer-Machine-for-Plas-1-300x300.webp","0","","","","",""
"https://pay.4more.ca/featured-products/","1","follow, index, max-snippet:-1, max-video-preview:-1, max-image-preview:large","","","https://pay.4more.ca/featured-products/",""
"https://pay.4more.ca/product-category/home-furniture/","1","index, follow, max-snippet:-1, max-video-preview:-1, max-image-preview:large","","","https://pay.4more.ca/product-category/home-furniture/",""
"https://pay.4more.ca/product-category/home-improvements/","1","index, follow, max-snippet:-1, max-video-preview:-1, max-image-preview:large","","","https://pay.4more.ca/product-category/home-improvements/",""
"https://pay.4more.ca/wp-content/uploads/sites/16/2025/07/Baxton-Studio-Landis-Dresser-in-Ash-Walnut-and-Gold-1-300x300.webp","0","","","","",""
"https://pay.4more.ca/wp-content/themes/woodmart/js/scripts/menu/menuSetUp.min.js?ver=8.1.2","0","","","","",""
"https://pay.4more.ca/product-category/grocery-food/","1","index, follow, max-snippet:-1, max-video-preview:-1, max-image-preview:large","","","https://pay.4more.ca/product-category/grocery-food/",""
"https://pay.4more.ca/product-category/toys-games/water-dive-toys/","1","index, follow, max-snippet:-1, max-video-preview:-1, max-image-preview:large","","","https://pay.4more.ca/product-category/toys-games/water-dive-toys/",""
"https://pay.4more.ca/product-category/cleaning-products/","1","index, follow, max-snippet:-1, max-video-preview:-1, max-image-preview:large","","","https://pay.4more.ca/product-category/cleaning-products/",""
"https://pay.4more.ca/wp-content/uploads/sites/16/2025/07/water-pool-toys.jpg.webp","0","","","","",""
"https://pay.4more.ca/wp-content/uploads/sites/16/2025/01/logitech-pop-keys-entry-header-75x65.jpg","0","","","","",""
"https://pay.4more.ca/wp-content/uploads/sites/16/2025/07/10-Round-Wooden-Paddle-Serving-Board-Hearth-Hand-with-Magnolia-New-1-800x800.webp","0","","","","",""
"https://pay.4more.ca/wp-content/uploads/sites/16/2025/07/Google-Nest-Learning-Thermostat-4th-gen-in-Polished-Gold-1-150x150.webp","0","","","","",""
"https://pay.4more.ca/wp-content/uploads/sites/16/2025/08/2024-MGA-Mini-Bratz-Series-3-Blind-Box-Rare-Hard-to-Find-Mystery-Passion-Fashion-2-800x800.webp","0","","","","",""
"https://pay.4more.ca/wp-content/uploads/sites/16/2025/08/large-gap-essential-jogger-pants-mens-dark-pearl-1-150x150.webp","0","","","","",""
"https://pay.4more.ca/about-us/","1","index, follow, max-snippet:-1, max-video-preview:-1, max-image-preview:large","","","https://pay.4more.ca/about-us/",""
"https://pay.4more.ca/wp-content/uploads/sites/16/2025/08/16-Medium-Tabletop-Snake-Artificial-Plant-Threshold-1-800x800.webp","0","","","","",""
"https://pay.4more.ca/product/beats-powerbeats-pro-2-wireless-bluetooth-earbuds-noise-cancelling-heart-rate-monitor-ipx4-up-to-45h-battery-charging-case-works-with-apple-android-jet-black/","1","index, follow, max-snippet:-1, max-video-preview:-1, max-image-preview:large","","","https://pay.4more.ca/product/beats-powerbeats-pro-2-wireless-bluetooth-earbuds-noise-cancelling-heart-rate-monitor-ipx4-up-to-45h-battery-charging-case-works-with-apple-android-jet-black/",""
"https://pay.4more.ca/wp-content/uploads/sites/16/2025/01/lock.svg","0","","","","",""
"https://pay.4more.ca/product/36-inflatable-glitter-swim-tube-sun-squad/","1","index, follow, max-snippet:-1, max-video-preview:-1, max-image-preview:large","","","https://pay.4more.ca/product/36-inflatable-glitter-swim-tube-sun-squad/",""
"https://pay.4more.ca/wp-content/plugins/elementor/assets/js/frontend.min.js?ver=3.31.2","0","","","","",""
"https://pay.4more.ca/product-category/home-improvements/hardware/","1","index, follow, max-snippet:-1, max-video-preview:-1, max-image-preview:large","","","https://pay.4more.ca/product-category/home-improvements/hardware/",""
"https://pay.4more.ca/product-category/home-improvements/electrical/","1","index, follow, max-snippet:-1, max-video-preview:-1, max-image-preview:large","","","https://pay.4more.ca/product-category/home-improvements/electrical/",""
"https://pay.4more.ca/wp-content/uploads/sites/16/2025/08/ZURU-4-Pack-Water-Blaster-Small-Stealth-Soaker-Toy-2-150x150.webp","0","","","","",""
"https://pay.4more.ca/wp-content/uploads/sites/16/2025/07/12-Cup-Programmable-Coffee-Maker-Gray-Figmint-1-800x800.webp","0","","","","",""
"https://pay.4more.ca/wp-content/uploads/sites/16/2025/07/Milwaukee-Tool-18V-M18-Lithium-Ion-Battery-PACKOUT-6-Port-Rapid-Charger-1-150x150.webp","0","","","","",""
"https://pay.4more.ca/product/10-round-wooden-paddle-serving-board-hearth-hand-with-magnolia-new/","1","index, follow, max-snippet:-1, max-video-preview:-1, max-image-preview:large","","","https://pay.4more.ca/product/10-round-wooden-paddle-serving-board-hearth-hand-with-magnolia-new/",""
"https://pay.4more.ca/how-to-choose-a-hi-fi-stereo/","1","index, follow, max-snippet:-1, max-video-preview:-1, max-image-preview:large","","","https://pay.4more.ca/how-to-choose-a-hi-fi-stereo/",""
"https://pay.4more.ca/wp-content/uploads/sites/16/2025/07/pay4more-640x800.jpg.webp","0","","","","",""
"https://pay.4more.ca/wp-content/uploads/sites/16/2025/07/Beats-Powerbeats-Pro-2-Wireless-Bluetooth-Earbuds-Noise-Cancelling-Heart-Rate-1-300x300.webp","0","","","","",""
"https://pay.4more.ca/wp-content/uploads/sites/16/2025/07/Deep-Tissue-Massager-Variable-Therapy-Sharper-Image-Power-Percussion-1-300x300.webp","0","","","","",""
"https://pay.4more.ca/product-category/sports-outdoors/swim-gear/","1","index, follow, max-snippet:-1, max-video-preview:-1, max-image-preview:large","","","https://pay.4more.ca/product-category/sports-outdoors/swim-gear/",""
"https://pay.4more.ca/wp-includes/js/jquery/jquery.min.js?ver=3.7.1","0","","","","",""
"https://pay.4more.ca/product/12-cup-programmable-coffee-maker-gray-figmint/","1","index, follow, max-snippet:-1, max-video-preview:-1, max-image-preview:large","","","https://pay.4more.ca/product/12-cup-programmable-coffee-maker-gray-figmint/",""
"https://pay.4more.ca/wp-content/plugins/woocommerce/assets/js/frontend/add-to-cart.min.js?ver=10.1.1","0","","","","",""
"https://pay.4more.ca/top-sellers/","1","follow, index, max-snippet:-1, max-video-preview:-1, max-image-preview:large","","","https://pay.4more.ca/top-sellers/",""
"https://pay.4more.ca/product-category/home-furniture/wall-art/","1","index, follow, max-snippet:-1, max-video-preview:-1, max-image-preview:large","","","https://pay.4more.ca/product-category/home-furniture/wall-art/",""
"https://pay.4more.ca/product/16-medium-tabletop-snake-artificial-plant-threshold/","1","index, follow, max-snippet:-1, max-video-preview:-1, max-image-preview:large","","","https://pay.4more.ca/product/16-medium-tabletop-snake-artificial-plant-threshold/",""
"https://pay.4more.ca/wp-content/uploads/sites/16/2025/07/13.1-LED-Flexible-Strip-Rope-Light-West-Arrow-Ombre-Color-1-300x300.webp","0","","","","",""
"https://pay.4more.ca/wp-content/uploads/sites/16/2025/06/Icons-100-x-100-px-20x20.png","0","","","","",""
"https://pay.4more.ca/wp-content/uploads/sites/16/2025/07/iPad-magic-keyboard-folio-1-150x150.webp","0","","","","",""
"https://pay.4more.ca/product-category/arts-crafts/","1","index, follow, max-snippet:-1, max-video-preview:-1, max-image-preview:large","","","https://pay.4more.ca/product-category/arts-crafts/",""
"https://pay.4more.ca/product/zinus-gel-memory-foam-3-inch-tri-fold-comfort-portable-folding-floor-mat-cot-size-white/","1","index, follow, max-snippet:-1, max-video-preview:-1, max-image-preview:large","","","https://pay.4more.ca/product/zinus-gel-memory-foam-3-inch-tri-fold-comfort-portable-folding-floor-mat-cot-size-white/",""
"https://pay.4more.ca/product/combo-touch-for-ipad-pro/","1","index, follow, max-snippet:-1, max-video-preview:-1, max-image-preview:large","","","https://pay.4more.ca/product/combo-touch-for-ipad-pro/",""
"https://pay.4more.ca/product-category/beauty-personal-care/","1","index, follow, max-snippet:-1, max-video-preview:-1, max-image-preview:large","","","https://pay.4more.ca/product-category/beauty-personal-care/",""
"https://pay.4more.ca/wp-content/plugins/wp-rocket/assets/js/lazyload/17.8.3/lazyload.min.js","0","","","","",""
"https://pay.4more.ca/product/ipad-magic-keyboard-folio/","1","index, follow, max-snippet:-1, max-video-preview:-1, max-image-preview:large","","","https://pay.4more.ca/product/ipad-magic-keyboard-folio/",""
"https://pay.4more.ca/product-category/books-media/","1","index, follow, max-snippet:-1, max-video-preview:-1, max-image-preview:large","","","https://pay.4more.ca/product-category/books-media/",""
"https://pay.4more.ca/wp-content/uploads/sites/16/2025/07/tools-accessories.jpg.webp","0","","","","",""
"https://pay.4more.ca/product-category/toys-games/water-pool-toys/","1","index, follow, max-snippet:-1, max-video-preview:-1, max-image-preview:large","","","https://pay.4more.ca/product-category/toys-games/water-pool-toys/",""
"https://pay.4more.ca/wp-content/uploads/sites/16/2025/08/zinus-gel-memory-foam-3-inch-tri-fold-comfort-portable-folding-floor-mat-cot-size-white-3-150x150.webp","0","","","","",""
"https://pay.4more.ca/wp-content/uploads/sites/16/2025/08/14k-gold-dipped-cubic-zirconia-16inch-800x800.webp","0","","","","",""
"https://pay.4more.ca/wp-content/plugins/elementor/assets/lib/swiper/v8/swiper.min.js?ver=8.4.5","0","","","","",""
"https://pay.4more.ca/wp-content/uploads/sites/16/2025/07/SwimWays-Spring-Float-Premium-SunSeat-Pool-Chairs-Inflatable-Pool-Floats-Adult-1-150x150.webp","0","","","","",""
"https://pay.4more.ca/wp-content/uploads/sites/16/2025/07/wall-art.jpg.webp","0","","","","",""
"https://pay.4more.ca/wp-content/uploads/sites/16/2025/06/3-1.png.webp","0","","","","",""
"https://pay.4more.ca/wp-content/uploads/sites/16/2025/07/sports-outdoors.jpg.webp","0","","","","",""
"https://pay.4more.ca/wp-content/uploads/sites/16/2025/07/Hampton-Bay-Ellington-4-Piece-Steel-Outdoor-Patio-Seating-Set-with-Malachite-Gre-1-1-150x150.webp","0","","","","",""
"https://pay.4more.ca/wp-content/themes/woodmart/js/scripts/wc/actionAfterAddToCart.min.js?ver=8.1.2","0","","","","",""
"https://pay.4more.ca/wp-content/themes/woodmart/js/libs/magnific-popup.min.js?ver=8.1.2","0","","","","",""
"https://pay.4more.ca/product-category/holiday-seasonal/","1","index, follow, max-snippet:-1, max-video-preview:-1, max-image-preview:large","","","https://pay.4more.ca/product-category/holiday-seasonal/",""
"https://pay.4more.ca/wp-content/uploads/sites/16/2025/07/25-piece-pack-of-Milwaukee-SHOCKWAVE-Impact-Phillips-2-Drywall-Insert-Bits-Pro-1-300x300.webp","0","","","","",""
"https://pay.4more.ca/wp-content/uploads/sites/16/2025/01/banner-l-watch-opt.jpg.webp","0","","","","",""
"https://pay.4more.ca/wp-content/uploads/sites/16/2025/06/2-1.png.webp","0","","","","",""
"https://pay.4more.ca/wp-content/uploads/sites/16/2025/07/swim-gear.jpg.webp","0","","","","",""
"https://pay.4more.ca/wp-content/uploads/sites/16/2025/06/2-2-50x50.png","0","","","","",""
"https://pay.4more.ca/product-category/apparel-accessories/","1","index, follow, max-snippet:-1, max-video-preview:-1, max-image-preview:large","","","https://pay.4more.ca/product-category/apparel-accessories/",""
"https://pay.4more.ca/product/25-piece-pack-of-milwaukee-shockwave-impact-phillips-2-drywall-insert-bits-product-no-48-32-4604/","1","index, follow, max-snippet:-1, max-video-preview:-1, max-image-preview:large","","","https://pay.4more.ca/product/25-piece-pack-of-milwaukee-shockwave-impact-phillips-2-drywall-insert-bits-product-no-48-32-4604/",""
"https://pay.4more.ca/compare-products/","1","index, follow, max-snippet:-1, max-video-preview:-1, max-image-preview:large","","","https://pay.4more.ca/compare-products/",""
"https://pay.4more.ca/wp-content/uploads/sites/16/2025/06/1-3.png.webp","0","","","","",""
"https://pay.4more.ca/wp-content/uploads/sites/16/2025/06/3-2-50x50.png","0","","","","",""
"https://pay.4more.ca/wp-content/uploads/sites/16/2025/07/pool-floats-recreation.jpg.webp","0","","","","",""
"https://pay.4more.ca/wp-content/uploads/sites/16/2025/07/1Pc-Not-Your-Mothers-CURL-TALK-DEFINING-CREAM-Frizz-Control-2oz-1-800x800.webp","0","","","","",""
"https://pay.4more.ca/wp-content/cache/min/16/wp-content/themes/woodmart/js/scripts/wc/updateCartFragmentsFix.js?ver=1755603974","0","","","","",""
"https://pay.4more.ca/product-category/pool-care-maintenance/cleaning-tools-equipment/vacuum-cleaners-floor-cleaning-machines/","1","index, follow, max-snippet:-1, max-video-preview:-1, max-image-preview:large","","","https://pay.4more.ca/product-category/pool-care-maintenance/cleaning-tools-equipment/vacuum-cleaners-floor-cleaning-machines/",""
"https://pay.4more.ca/product-category/babies/","1","index, follow, max-snippet:-1, max-video-preview:-1, max-image-preview:large","","","https://pay.4more.ca/product-category/babies/",""
"https://pay.4more.ca/product/deep-tissue-massager-variable-therapy-sharper-image-power-percussion/","1","index, follow, max-snippet:-1, max-video-preview:-1, max-image-preview:large","","","https://pay.4more.ca/product/deep-tissue-massager-variable-therapy-sharper-image-power-percussion/",""
"https://pay.4more.ca/product-category/beauty-personal-care/toiletries/","1","index, follow, max-snippet:-1, max-video-preview:-1, max-image-preview:large","","","https://pay.4more.ca/product-category/beauty-personal-care/toiletries/",""
"https://pay.4more.ca/product/giant-inflatable-unicorn-swimming-pool-float-sun-squad-6-long-brand-new/","1","index, follow, max-snippet:-1, max-video-preview:-1, max-image-preview:large","","","https://pay.4more.ca/product/giant-inflatable-unicorn-swimming-pool-float-sun-squad-6-long-brand-new/",""
"https://pay.4more.ca/product-category/apparel-accessories/womens-clothing/","1","index, follow, max-snippet:-1, max-video-preview:-1, max-image-preview:large","","","https://pay.4more.ca/product-category/apparel-accessories/womens-clothing/",""
"https://pay.4more.ca/wp-content/uploads/sites/16/2025/07/36-Inflatable-Glitter-Swim-Tube-Sun-Squad-1-800x800.webp","0","","","","",""
"https://pay.4more.ca/product-category/home-furniture/decor/","1","index, follow, max-snippet:-1, max-video-preview:-1, max-image-preview:large","","","https://pay.4more.ca/product-category/home-furniture/decor/",""
"https://pay.4more.ca/wp-content/uploads/sites/16/2025/07/electrical.jpg.webp","0","","","","",""
"https://pay.4more.ca/wp-content/uploads/sites/16/2025/06/5-1-50x50.png","0","","","","",""
"https://pay.4more.ca/wp-content/uploads/sites/16/2025/06/6-1-50x50.png","0","","","","",""
"https://pay.4more.ca/wp-content/uploads/sites/16/2025/07/beauty-personal-care.jpg.webp","0","","","","",""
"https://pay.4more.ca/wp-content/uploads/sites/16/2025/08/16-Medium-Tabletop-Snake-Artificial-Plant-Threshold-1-300x300.webp","0","","","","",""
"https://pay.4more.ca/wp-content/themes/woodmart/js/scripts/wc/loginSidebar.min.js?ver=8.1.2","0","","","","",""
"https://pay.4more.ca/track-your-order/","1","index, follow, max-snippet:-1, max-video-preview:-1, max-image-preview:large","","","https://pay.4more.ca/track-your-order/",""
"https://pay.4more.ca/product-category/home-improvements/kitchen-bath/kitchen-appliances/","1","index, follow, max-snippet:-1, max-video-preview:-1, max-image-preview:large","","","https://pay.4more.ca/product-category/home-improvements/kitchen-bath/kitchen-appliances/",""
"https://pay.4more.ca/my-account/?action=register","1","noindex, follow","","","",""
"https://pay.4more.ca/product-category/toys-games/vehicles-toys/","1","index, follow, max-snippet:-1, max-video-preview:-1, max-image-preview:large","","","https://pay.4more.ca/product-category/toys-games/vehicles-toys/",""
"https://pay.4more.ca/wp-content/plugins/elementor-pro/assets/js/elements-handlers.min.js?ver=3.30.0","0","","","","",""
"https://pay.4more.ca/wp-content/themes/woodmart/js/scripts/wc/productImagesGallery.min.js?ver=8.1.2","0","","","","",""
"https://pay.4more.ca/wp-content/uploads/sites/16/2025/07/20oz-Polyethylene-Sensory-Water-Bottle-Bullseye-s-Playground-1-800x800.webp","0","","","","",""
"https://pay.4more.ca/wp-content/cache/min/16/wp-content/plugins/elementskit-lite/widgets/init/assets/js/elementor.js?ver=1755603975","0","","","","",""
"https://pay.4more.ca/wp-content/themes/woodmart/js/scripts/wc/onRemoveFromCart.min.js?ver=8.1.2","0","","","","",""
"https://pay.4more.ca/blog/","1","index, follow, max-snippet:-1, max-video-preview:-1, max-image-preview:large","","","https://pay.4more.ca/blog/",""
"https://pay.4more.ca/product/2024-mga-mini-bratz-series-3-blind-box-rare-hard-to-find-mystery-passion-fashion/","1","index, follow, max-snippet:-1, max-video-preview:-1, max-image-preview:large","","","https://pay.4more.ca/product/2024-mga-mini-bratz-series-3-blind-box-rare-hard-to-find-mystery-passion-fashion/",""
"https://pay.4more.ca/wp-content/uploads/sites/16/2025/07/Beats-Powerbeats-Pro-2-Wireless-Bluetooth-Earbuds-Noise-Cancelling-Heart-Rate-1-800x800.webp","0","","","","",""
"https://pay.4more.ca/product-category/sports-outdoors/swim-accessories/","1","index, follow, max-snippet:-1, max-video-preview:-1, max-image-preview:large","","","https://pay.4more.ca/product-category/sports-outdoors/swim-accessories/",""
"https://pay.4more.ca/product-category/toys-games/dolls-accessories/","1","index, follow, max-snippet:-1, max-video-preview:-1, max-image-preview:large","","","https://pay.4more.ca/product-category/toys-games/dolls-accessories/",""
"https://pay.4more.ca/product-category/electronics/","1","index, follow, max-snippet:-1, max-video-preview:-1, max-image-preview:large","","","https://pay.4more.ca/product-category/electronics/",""
"https://pay.4more.ca/wp-content/uploads/sites/16/2025/01/banner-l-furniture-opt.jpg.webp","0","","","","",""
"https://pay.4more.ca/wp-content/uploads/sites/16/2025/07/Shopping-style-800x-1000.png.webp","0","","","","",""
"https://pay.4more.ca/wp-content/uploads/sites/16/2025/07/water-dive-toys.jpg.webp","0","","","","",""
"https://pay.4more.ca/product-category/apparel-accessories/accessories/","1","index, follow, max-snippet:-1, max-video-preview:-1, max-image-preview:large","","","https://pay.4more.ca/product-category/apparel-accessories/accessories/",""
"https://pay.4more.ca/wp-content/themes/woodmart/js/scripts/wc/addToCartAllTypes.min.js?ver=8.1.2","0","","","","",""
"https://pay.4more.ca/wp-content/uploads/sites/16/2025/08/156-feather-wand-cat-toy-boots-barkley-800x800.webp","0","","","","",""
"https://pay.4more.ca/wp-content/themes/woodmart/js/scripts/header/headerBuilder.min.js?ver=8.1.2","0","","","","",""
"https://pay.4more.ca/wp-content/uploads/sites/16/2025/07/ps-color-star-32.svg","0","","","","",""
"https://pay.4more.ca/product-category/health-medical/","1","index, follow, max-snippet:-1, max-video-preview:-1, max-image-preview:large","","","https://pay.4more.ca/product-category/health-medical/",""
"https://pay.4more.ca/wp-content/uploads/sites/16/2025/07/vehicles-toys.jpg.webp","0","","","","",""
"https://pay.4more.ca/wp-content/uploads/sites/16/2025/07/home-improvements.jpg.webp","0","","","","",""
"https://pay.4more.ca/wp-content/uploads/sites/16/2025/01/how-to-choose-a-hi-fi-stereo-system-entry-header-75x65.jpg","0","","","","",""
"https://pay.4more.ca/product/15-6-feather-wand-cat-toy-boots-barkley/","1","index, follow, max-snippet:-1, max-video-preview:-1, max-image-preview:large","","","https://pay.4more.ca/product/15-6-feather-wand-cat-toy-boots-barkley/",""
"https://pay.4more.ca/wp-content/plugins/woocommerce/assets/js/frontend/cart-fragments.min.js?ver=10.1.1","0","","","","",""
"https://pay.4more.ca/wp-content/plugins/woocommerce/assets/js/jquery-blockui/jquery.blockUI.min.js?ver=2.7.0-wc.10.1.1","0","","","","",""
"https://pay.4more.ca/logitech-pop-keys/","1","index, follow, max-snippet:-1, max-video-preview:-1, max-image-preview:large","","","https://pay.4more.ca/logitech-pop-keys/",""
"https://pay.4more.ca/product/google-nest-learning-thermostat-4th-gen-in-polished-gold/","1","index, follow, max-snippet:-1, max-video-preview:-1, max-image-preview:large","","","https://pay.4more.ca/product/google-nest-learning-thermostat-4th-gen-in-polished-gold/",""
"https://pay.4more.ca/wp-content/uploads/sites/16/2025/08/danby-designer-32-cubic-feet-compact-refrigerator-stainless-look-1-150x150.webp","0","","","","",""
"https://pay.4more.ca/product/3-ring-pool-blue-yellow-sun-squad/","1","index, follow, max-snippet:-1, max-video-preview:-1, max-image-preview:large","","","https://pay.4more.ca/product/3-ring-pool-blue-yellow-sun-squad/",""
"https://pay.4more.ca/wp-content/plugins/elementor-pro/assets/js/frontend.min.js?ver=3.30.0","0","","","","",""
"https://pay.4more.ca/wishlist/","1","index, follow, max-snippet:-1, max-video-preview:-1, max-image-preview:large","","","https://pay.4more.ca/wishlist/",""
"https://pay.4more.ca/product/1pc-not-your-mothers-curl-talk-defining-cream-frizz-control-2oz/","1","index, follow, max-snippet:-1, max-video-preview:-1, max-image-preview:large","","","https://pay.4more.ca/product/1pc-not-your-mothers-curl-talk-defining-cream-frizz-control-2oz/",""
"https://pay.4more.ca/wp-content/uploads/sites/16/2025/07/20oz-Polyethylene-Sensory-Water-Bottle-Bullseye-s-Playground-1-300x300.webp","0","","","","",""
"https://pay.4more.ca/product/25-preserved-liorl/","1","index, follow, max-snippet:-1, max-video-preview:-1, max-image-preview:large","","","https://pay.4more.ca/product/25-preserved-liorl/",""
"https://pay.4more.ca/wp-content/uploads/sites/16/2025/07/ps-color-star-4.svg","0","","","","",""
"https://pay.4more.ca/product-category/automotive/","1","index, follow, max-snippet:-1, max-video-preview:-1, max-image-preview:large","","","https://pay.4more.ca/product-category/automotive/",""
"https://pay.4more.ca/product-category/beauty-personal-care/hair-care/","1","index, follow, max-snippet:-1, max-video-preview:-1, max-image-preview:large","","","https://pay.4more.ca/product-category/beauty-personal-care/hair-care/",""
"https://pay.4more.ca/product-category/office-school-supplies/","1","index, follow, max-snippet:-1, max-video-preview:-1, max-image-preview:large","","","https://pay.4more.ca/product-category/office-school-supplies/",""
"https://pay.4more.ca/product-category/home-improvements/tools-accessories/","1","index, follow, max-snippet:-1, max-video-preview:-1, max-image-preview:large","","","https://pay.4more.ca/product-category/home-improvements/tools-accessories/",""
"https://pay.4more.ca/wp-content/uploads/sites/16/2025/08/25-Preserved-Liorl-2-300x300.webp","0","","","","",""
"https://pay.4more.ca/product/husky-heavy-duty-52-w-x-20-d-15-drawer-tool-storage-chest-and-cabinet-combo-matte-black/","1","index, follow, max-snippet:-1, max-video-preview:-1, max-image-preview:large","","","https://pay.4more.ca/product/husky-heavy-duty-52-w-x-20-d-15-drawer-tool-storage-chest-and-cabinet-combo-matte-black/",""
"https://pay.4more.ca/product-category/toys-games/","1","index, follow, max-snippet:-1, max-video-preview:-1, max-image-preview:large","","","https://pay.4more.ca/product-category/toys-games/",""
"https://pay.4more.ca/wp-content/uploads/sites/16/2025/07/Combo-Touch-for-iPad-Pro-1-150x150.webp","0","","","","",""
"https://pay.4more.ca/product-category/home-furniture/kitchen-dining/","1","index, follow, max-snippet:-1, max-video-preview:-1, max-image-preview:large","","","https://pay.4more.ca/product-category/home-furniture/kitchen-dining/",""
"https://pay.4more.ca/product-category/electronics/tv-home-theater/","1","index, follow, max-snippet:-1, max-video-preview:-1, max-image-preview:large","","","https://pay.4more.ca/product-category/electronics/tv-home-theater/",""
"https://pay.4more.ca/product/baxton-studio-landis-dresser-in-ash-walnut-and-gold/","1","index, follow, max-snippet:-1, max-video-preview:-1, max-image-preview:large","","","https://pay.4more.ca/product/baxton-studio-landis-dresser-in-ash-walnut-and-gold/",""
"https://pay.4more.ca/product-category/pool-care-maintenance/pool-floats-recreation/","1","index, follow, max-snippet:-1, max-video-preview:-1, max-image-preview:large","","","https://pay.4more.ca/product-category/pool-care-maintenance/pool-floats-recreation/",""
"https://pay.4more.ca/product/baby-brezza-bottle-sterilizer-dryer-electric-steam-sterilizer-machine-for-plastic-and-glass-bottles-baby-product-parts-accessories-universal-fit/","1","index, follow, max-snippet:-1, max-video-preview:-1, max-image-preview:large","","","https://pay.4more.ca/product/baby-brezza-bottle-sterilizer-dryer-electric-steam-sterilizer-machine-for-plastic-and-glass-bottles-baby-product-parts-accessories-universal-fit/",""
"https://pay.4more.ca/product-category/toys-games/educational-toys/","1","index, follow, max-snippet:-1, max-video-preview:-1, max-image-preview:large","","","https://pay.4more.ca/product-category/toys-games/educational-toys/",""
"https://pay.4more.ca/product-category/breakroom-supplies/tableware/","1","index, follow, max-snippet:-1, max-video-preview:-1, max-image-preview:large","","","https://pay.4more.ca/product-category/breakroom-supplies/tableware/",""
"https://pay.4more.ca/wp-content/plugins/elementor/assets/js/webpack.runtime.min.js?ver=3.31.2","0","","","","",""
"https://pay.4more.ca/wp-content/uploads/sites/16/2025/07/Carters-Baby-Girls-Swim-Hat-Pink-Solid-Just-One-You-Sun-Head-Cover-Toddler-UPF50-1-800x800.webp","0","","","","",""
"https://pay.4more.ca/wp-content/uploads/sites/16/2025/08/adidas-Youth-2-Pack-Short-Black-Black-Camo-Small-1-2-150x150.webp","0","","","","",""
"https://pay.4more.ca/faqs/","1","index, follow, max-snippet:-1, max-video-preview:-1, max-image-preview:large","","","https://pay.4more.ca/faqs/",""
"https://pay.4more.ca/wp-content/uploads/sites/16/2025/01/best-gaming-laptop-model-entry-header-75x65.jpg","0","","","","",""
"https://pay.4more.ca/wp-content/uploads/sites/16/2025/07/tableware.jpg.webp","0","","","","",""
"https://pay.4more.ca/wp-content/uploads/sites/16/2025/07/babies.jpg.webp","0","","","","",""
"https://pay.4more.ca/wp-content/themes/woodmart/js/scripts/menu/mobileNavigation.min.js?ver=8.1.2","0","","","","",""
"https://pay.4more.ca/wp-content/uploads/sites/16/2025/08/adidas-Youth-2-Pack-Short-Black-Black-Camo-Small-1-150x150.webp","0","","","","",""
"https://pay.4more.ca/product-category/books-media/video-games/","1","index, follow, max-snippet:-1, max-video-preview:-1, max-image-preview:large","","","https://pay.4more.ca/product-category/books-media/video-games/",""
"https://pay.4more.ca/wp-content/uploads/sites/16/2025/08/26.05-fl-oz-Tall-Tumbler-Room-Essentials-1-300x300.webp","0","","","","",""
"https://pay.4more.ca/product/milwaukee-tool-18v-m18-lithium-ion-battery-packout-6-port-rapid-charger/","1","index, follow, max-snippet:-1, max-video-preview:-1, max-image-preview:large","","","https://pay.4more.ca/product/milwaukee-tool-18v-m18-lithium-ion-battery-packout-6-port-rapid-charger/",""
"https://pay.4more.ca/wp-content/uploads/sites/16/2025/07/toys-games.jpg.webp","0","","","","",""
"https://pay.4more.ca/product-category/breakroom-supplies/","1","index, follow, max-snippet:-1, max-video-preview:-1, max-image-preview:large","","","https://pay.4more.ca/product-category/breakroom-supplies/",""
"https://pay.4more.ca/wp-content/uploads/sites/16/2025/08/2024-MGA-Mini-Bratz-Series-3-Blind-Box-Rare-Hard-to-Find-Mystery-Passion-Fashion-2-300x300.webp","0","","","","",""
"https://pay.4more.ca/wp-content/plugins/woocommerce/assets/js/js-cookie/js.cookie.min.js?ver=2.1.4-wc.10.1.1","0","","","","",""
"https://pay.4more.ca/product-category/sports-outdoors/","1","index, follow, max-snippet:-1, max-video-preview:-1, max-image-preview:large","","","https://pay.4more.ca/product-category/sports-outdoors/",""
"https://pay.4more.ca/wp-content/cache/min/16/wp-content/plugins/jeg-elementor-kit/assets/js/elements/sticky-element.js?ver=1755603975","0","","","","",""
"https://pay.4more.ca/product/carters-baby-girls-swim-hat-pink-solid-just-one-you-sun-head-cover-toddler-upf50/","1","index, follow, max-snippet:-1, max-video-preview:-1, max-image-preview:large","","","https://pay.4more.ca/product/carters-baby-girls-swim-hat-pink-solid-just-one-you-sun-head-cover-toddler-upf50/",""
"https://pay.4more.ca/wp-content/uploads/sites/16/2025/04/credit-card_13384288-50x50.png","0","","","","",""
"https://pay.4more.ca/wp-content/uploads/sites/16/2025/07/ps-color-star-8.svg","0","","","","",""
"https://pay.4more.ca/wp-content/uploads/sites/16/2025/04/pay4more-WBG-350x100-1.svg","0","","","","",""
"https://pay.4more.ca/product-category/pet-supplies/dog-supplies/","1","index, follow, max-snippet:-1, max-video-preview:-1, max-image-preview:large","","","https://pay.4more.ca/product-category/pet-supplies/dog-supplies/",""
"https://pay.4more.ca/product-category/home-improvements/smart-home/","1","index, follow, max-snippet:-1, max-video-preview:-1, max-image-preview:large","","","https://pay.4more.ca/product-category/home-improvements/smart-home/",""
"https://pay.4more.ca/wp-content/themes/woodmart/js/scripts/global/clickOnScrollButton.min.js?ver=8.1.2","0","","","","",""
"https://pay.4more.ca/wp-content/uploads/sites/16/2025/08/Dog-Bark-Collar-with-5-Adjustable-Sensitivity-PB20-Automatic-Anti-Barking-Train-2-800x800.webp","0","","","","",""
"https://pay.4more.ca/wp-content/uploads/sites/16/2025/08/setvson-cat-litter-box-enclosure-furniture-hidden-litter-box-with-mat-and-fence-handwoven-rattan-cat-house-with-two-s-shaped-hooks-for-living-room-bedroom-185-x-205-x-191-inches-natural-3-800x800.webp","0","","","","",""
"https://pay.4more.ca/my-account/lost-password/","2","noindex, follow","noindex","","",""
"https://pay.4more.ca/wp-content/uploads/sites/16/2025/07/dog-supplies.jpg.webp","0","","","","",""
"https://pay.4more.ca/product/dog-bark-collar-with-5-adjustable-sensitivity-pb20-automatic-anti-barking-training-collar-for-dogs-fluorescent-green/","1","index, follow, max-snippet:-1, max-video-preview:-1, max-image-preview:large","","","https://pay.4more.ca/product/dog-bark-collar-with-5-adjustable-sensitivity-pb20-automatic-anti-barking-training-collar-for-dogs-fluorescent-green/",""
"https://pay.4more.ca/wp-content/uploads/sites/16/2025/07/cat-supplies.jpg.webp","0","","","","",""
"https://pay.4more.ca/product/shudyear-cat-toys-5pcs-mouse-toys/","1","index, follow, max-snippet:-1, max-video-preview:-1, max-image-preview:large","","","https://pay.4more.ca/product/shudyear-cat-toys-5pcs-mouse-toys/",""
"https://pay.4more.ca/product/wigzi-2025-edition-2-dog-retractable-leash-with-light-l-e-d-no-tangle-360-technology-independent-braking-each-dog-up-to-50lbs-each-dog-with-10-ft-reflective-leads-for-safety/","1","index, follow, max-snippet:-1, max-video-preview:-1, max-image-preview:large","","","https://pay.4more.ca/product/wigzi-2025-edition-2-dog-retractable-leash-with-light-l-e-d-no-tangle-360-technology-independent-braking-each-dog-up-to-50lbs-each-dog-with-10-ft-reflective-leads-for-safety/",""
"https://pay.4more.ca/wp-content/uploads/sites/16/2025/08/vevor-cat-carrier-with-wheels-airline-approved-rolling-pet-carrier-with-telescopic-handle-and-shoulder-strap-dog-carrier-with-wheels-for-pets-under-25-lbs-with-1-folding-bowl-grey-3-800x800.webp","0","","","","",""
"https://pay.4more.ca/wp-content/uploads/sites/16/2025/08/Dog-Bark-Collar-Rechargeable-Smart-Barking-Collar-Anti-Bark-Training-Collar-wit-2-800x800.webp","0","","","","",""
"https://pay.4more.ca/product/petsafe-3-in-1-dog-harness-with-two-point-control-leash-front-d-ring-helps-stop-pulling-double-ended-dog-leash-redirects-pulling-self-adjusting-padded-handle-swivel-hardware-prevents-tangles/","1","index, follow, max-snippet:-1, max-video-preview:-1, max-image-preview:large","","","https://pay.4more.ca/product/petsafe-3-in-1-dog-harness-with-two-point-control-leash-front-d-ring-helps-stop-pulling-double-ended-dog-leash-redirects-pulling-self-adjusting-padded-handle-swivel-hardware-prevents-tangles/",""
"https://pay.4more.ca/wp-content/uploads/sites/16/2025/08/shudyear-cat-toys-5pcs-mouse-toys-3-800x800.webp","0","","","","",""
"https://pay.4more.ca/wp-content/uploads/sites/16/2025/01/chevron-down-black.svg","0","","","","",""
"https://pay.4more.ca/wp-content/uploads/sites/16/2025/08/PetSafe-3-in-1-Dog-Harness-with-Two-Point-Control-Leash-Front-D-Ring-Helps-Sto-1-800x800.webp","0","","","","",""
"https://pay.4more.ca/wp-content/uploads/sites/16/2025/08/WIGZI-2025-Edition-2-Dog-Retractable-Leash-with-Light-L.E.D-No-Tangle-360-1-800x800.webp","0","","","","",""
"https://pay.4more.ca/product/dog-bark-collarrechargeable-smart-barking-collar-anti-bark-training-collar-wit/","1","index, follow, max-snippet:-1, max-video-preview:-1, max-image-preview:large","","","https://pay.4more.ca/product/dog-bark-collarrechargeable-smart-barking-collar-anti-bark-training-collar-wit/",""
"https://pay.4more.ca/wp-content/uploads/sites/16/2025/04/image-1-1.jpg.webp","0","","","","",""
"https://pay.4more.ca/product/vevor-cat-carrier-with-wheels-airline-approved-rolling-pet-carrier-with-telescopic-handle-and-shoulder-strap-dog-carrier-with-wheels-for-pets-under-25-lbs-with-1-folding-bowl-grey/","1","index, follow, max-snippet:-1, max-video-preview:-1, max-image-preview:large","","","https://pay.4more.ca/product/vevor-cat-carrier-with-wheels-airline-approved-rolling-pet-carrier-with-telescopic-handle-and-shoulder-strap-dog-carrier-with-wheels-for-pets-under-25-lbs-with-1-folding-bowl-grey/",""
"https://pay.4more.ca/wp-content/uploads/sites/16/2025/04/image-1.jpg.webp","0","","","","",""
"https://pay.4more.ca/wp-content/uploads/sites/16/2025/08/danby-designer-32-cubic-feet-compact-refrigerator-stainless-look-1.webp","0","","","","",""
"https://pay.4more.ca/wp-content/themes/woodmart/js/scripts/wc/stickyAddToCart.min.js?ver=8.1.2","0","","","","",""
"https://pay.4more.ca/wp-content/uploads/sites/16/2025/08/danby-designer-32-cubic-feet-compact-refrigerator-stainless-look-3-1-150x150.webp","0","","","","",""
"https://pay.4more.ca/shop-best-deals/","1","follow, index, max-snippet:-1, max-video-preview:-1, max-image-preview:large","","","https://pay.4more.ca/shop/",""
"https://pay.4more.ca/product/setvson-cat-litter-box-enclosure-furniture-hidden-litter-box-with-mat-and-fence-handwoven-rattan-cat-house-with-two-s-shaped-hooks-for-living-room-bedroom-18-5-x-20-5-x-19-1-inches-natural/","1","index, follow, max-snippet:-1, max-video-preview:-1, max-image-preview:large","","","https://pay.4more.ca/product/setvson-cat-litter-box-enclosure-furniture-hidden-litter-box-with-mat-and-fence-handwoven-rattan-cat-house-with-two-s-shaped-hooks-for-living-room-bedroom-18-5-x-20-5-x-19-1-inches-natural/",""
"https://pay.4more.ca/product/cybex-lemo-2-convertible-high-chair-3-in-1-set-grows-with-child-up-to-209-lbs-one-hand-height-and-depth-adjustment-anti-tip-wheels-safety-feature-stunning-black/","1","index, follow, max-snippet:-1, max-video-preview:-1, max-image-preview:large","","","https://pay.4more.ca/product/cybex-lemo-2-convertible-high-chair-3-in-1-set-grows-with-child-up-to-209-lbs-one-hand-height-and-depth-adjustment-anti-tip-wheels-safety-feature-stunning-black/",""
"https://pay.4more.ca/wp-content/uploads/sites/16/2025/08/cybex-lemo-2-convertible-high-chair-3-in-1-set-grows-with-child-up-to-209-lbs-one-hand-height-and-depth-adjustment-anti-tip-wheels-safety-feature-stunning-black-2-600x600.webp","0","","","","",""
"https://pay.4more.ca/wp-content/uploads/sites/16/2025/08/danby-designer-32-cubic-feet-compact-refrigerator-stainless-look-1-600x600.webp","0","","","","",""
"https://pay.4more.ca/wp-content/uploads/sites/16/2025/01/Icons-100-x-100-px-400-x-400-px-24x24.png","0","","","","",""
"https://pay.4more.ca/wp-content/uploads/sites/16/2025/08/danby-designer-32-cubic-feet-compact-refrigerator-stainless-look-4-1-150x150.webp","0","","","","",""
"https://pay.4more.ca/product/ninja-slushi-professional-frozen-drink-ice-machine-with-rapidchill-technology-grill-slushie-maker-5-preset-programs-for-frozen-margaritas-frappes-and-more-fs301c-canadian-version/","1","index, follow, max-snippet:-1, max-video-preview:-1, max-image-preview:large","","","https://pay.4more.ca/product/ninja-slushi-professional-frozen-drink-ice-machine-with-rapidchill-technology-grill-slushie-maker-5-preset-programs-for-frozen-margaritas-frappes-and-more-fs301c-canadian-version/",""
"https://pay.4more.ca/wp-content/uploads/sites/16/2025/06/2-2-24x24.png","0","","","","",""
"https://pay.4more.ca/wp-content/plugins/woocommerce/assets/js/frontend/single-product.min.js?ver=10.1.1","0","","","","",""
"https://pay.4more.ca/wp-content/themes/woodmart/js/scripts/wc/trackProductViewed.min.js?ver=8.1.2","0","","","","",""
"https://pay.4more.ca/wp-content/uploads/sites/16/2025/08/ninja-slushi-professional-frozen-drink-ice-machine-with-rapidchill-technology-grill-slushie-maker-5-preset-programs-for-frozen-margaritas-frappes-and-more-fs301c-canadian-version-2-600x600.webp","0","","","","",""
"https://pay.4more.ca/product-category/home-furniture/home-appliances/","1","index, follow, max-snippet:-1, max-video-preview:-1, max-image-preview:large","","","https://pay.4more.ca/product-category/home-furniture/home-appliances/",""
"https://pay.4more.ca/wp-content/uploads/sites/16/2025/08/danby-designer-32-cubic-feet-compact-refrigerator-stainless-look-2-1-150x150.webp","0","","","","",""
"https://pay.4more.ca/wp-content/uploads/sites/16/2025/01/banner-s-mb-cover-bf-opt.jpg.webp","0","","","","",""
"https://pay.4more.ca/wp-content/uploads/sites/16/2025/08/danby-designer-32-cubic-feet-compact-refrigerator-stainless-look-3-1.webp","0","","","","",""
"https://pay.4more.ca/wp-content/themes/woodmart/js/scripts/wc/productImages.min.js?ver=8.1.2","0","","","","",""
"https://pay.4more.ca/wp-content/themes/woodmart/js/scripts/global/callPhotoSwipe.min.js?ver=8.1.2","0","","","","",""
"https://pay.4more.ca/wp-content/uploads/sites/16/2025/08/danby-designer-32-cubic-feet-compact-refrigerator-stainless-look-2-1.webp","0","","","","",""
"https://pay.4more.ca/wp-content/uploads/sites/16/2025/08/danby-designer-32-cubic-feet-compact-refrigerator-stainless-look-4-1.webp","0","","","","",""
"https://pay.4more.ca/wp-content/uploads/sites/16/2025/08/ZURU-4-Pack-Water-Blaster-Small-Stealth-Soaker-Toy-3.webp","0","","","","",""
"https://pay.4more.ca/wp-content/uploads/sites/16/2025/08/ZURU-4-Pack-Water-Blaster-Small-Stealth-Soaker-Toy-1.webp","0","","","","",""
"https://pay.4more.ca/product/sealight-h7-led-headlight-bulbs-32000-lumens-800-brighter-6500k-cool-white-led-bulbs-all-in-one-mini-size-h7-lights-with-fan-plug-and-play-halogen-replacement-pack-of-2/","1","index, follow, max-snippet:-1, max-video-preview:-1, max-image-preview:large","","","https://pay.4more.ca/product/sealight-h7-led-headlight-bulbs-32000-lumens-800-brighter-6500k-cool-white-led-bulbs-all-in-one-mini-size-h7-lights-with-fan-plug-and-play-halogen-replacement-pack-of-2/",""
"https://pay.4more.ca/wp-content/uploads/sites/16/2025/08/SEALIGHT-H7-LED-Headlight-Bulbs-32000-Lumens-800-Brighter-6500K-Cool-White-Led-1-600x600.webp","0","","","","",""
"https://pay.4more.ca/wp-content/uploads/sites/16/2025/08/ZURU-4-Pack-Water-Blaster-Small-Stealth-Soaker-Toy-2-600x600.webp","0","","","","",""
"https://pay.4more.ca/wp-content/uploads/sites/16/2025/08/ZURU-4-Pack-Water-Blaster-Small-Stealth-Soaker-Toy-2.webp","0","","","","",""
"https://pay.4more.ca/wp-content/uploads/sites/16/2025/08/ZURU-4-Pack-Water-Blaster-Small-Stealth-Soaker-Toy-3-150x150.webp","0","","","","",""
"https://pay.4more.ca/wp-content/uploads/sites/16/2025/08/ZURU-4-Pack-Water-Blaster-Small-Stealth-Soaker-Toy-1-150x150.webp","0","","","","",""
"https://pay.4more.ca/wp-content/uploads/sites/16/2025/08/ZURU-4-Pack-Water-Blaster-Small-Stealth-Soaker-Toy-4-150x150.webp","0","","","","",""
"https://pay.4more.ca/wp-content/uploads/sites/16/2025/08/HisoHu-30-Inch-Under-Cabinet-Range-Hood-with-900-CFM-4-Speed-Gesture-Sensing-To-1-600x600.webp","0","","","","",""
"https://pay.4more.ca/wp-content/uploads/sites/16/2025/08/ZURU-4-Pack-Water-Blaster-Small-Stealth-Soaker-Toy-4.webp","0","","","","",""
"https://pay.4more.ca/wp-content/uploads/sites/16/2025/07/20oz-Polyethylene-Sensory-Water-Bottle-Bullseye-s-Playground-1.webp","0","","","","",""
"https://pay.4more.ca/wp-content/uploads/sites/16/2025/07/20oz-Polyethylene-Sensory-Water-Bottle-Bullseye-s-Playground-1-600x600.webp","0","","","","",""
"https://pay.4more.ca/wp-content/uploads/sites/16/2025/07/Conair-Volume-Lift-Separate-Tail-Combs-Assorted-Colors-2-Pieces-1-600x600.webp","0","","","","",""
"https://pay.4more.ca/product/hisohu-30-inch-under-cabinet-range-hood-with-900-cfm-4-speed-gesture-sensingtouch-control-panel-stainless-steel-kitchen-vent/","1","index, follow, max-snippet:-1, max-video-preview:-1, max-image-preview:large","","","https://pay.4more.ca/product/hisohu-30-inch-under-cabinet-range-hood-with-900-cfm-4-speed-gesture-sensingtouch-control-panel-stainless-steel-kitchen-vent/",""
"https://pay.4more.ca/wp-content/uploads/sites/16/2025/07/Lucky-Star-Divided-Split-Bowl-with-Lid-1-600x600.webp","0","","","","",""
"https://pay.4more.ca/product/conair-volume-lift-separate-tail-combs-assorted-colors-2-pieces/","1","index, follow, max-snippet:-1, max-video-preview:-1, max-image-preview:large","","","https://pay.4more.ca/product/conair-volume-lift-separate-tail-combs-assorted-colors-2-pieces/",""
"https://pay.4more.ca/wp-content/uploads/sites/16/2025/07/SwimWays-Spring-Float-Premium-SunSeat-Pool-Chairs-Inflatable-Pool-Floats-Adult-4.webp","0","","","","",""
"https://pay.4more.ca/wp-content/uploads/sites/16/2025/07/Bullseye-s-Playground-1-600x600.webp","0","","","","",""
"https://pay.4more.ca/product/lucky-star-divided-split-bowl-with-lid/","1","index, follow, max-snippet:-1, max-video-preview:-1, max-image-preview:large","","","https://pay.4more.ca/product/lucky-star-divided-split-bowl-with-lid/",""
"https://pay.4more.ca/wp-content/uploads/sites/16/2025/07/cleaning-tools-equipment-1.jpg.webp","0","","","","",""
"https://pay.4more.ca/product-category/pool-care-maintenance/parts-plumbing/","1","index, follow, max-snippet:-1, max-video-preview:-1, max-image-preview:large","","","https://pay.4more.ca/product-category/pool-care-maintenance/parts-plumbing/",""
"https://pay.4more.ca/product-category/pool-care-maintenance/cleaning-tools-equipment/","1","index, follow, max-snippet:-1, max-video-preview:-1, max-image-preview:large","","","https://pay.4more.ca/product-category/pool-care-maintenance/cleaning-tools-equipment/",""
"https://pay.4more.ca/product/orbit-50021-in-ground-blu-lock-tubing-system-and-digital-hose-faucet-timer-2-zone-sprinkler-kit-blue-black/","1","index, follow, max-snippet:-1, max-video-preview:-1, max-image-preview:large","","","https://pay.4more.ca/product/orbit-50021-in-ground-blu-lock-tubing-system-and-digital-hose-faucet-timer-2-zone-sprinkler-kit-blue-black/",""
"https://pay.4more.ca/product/sun-squad-pool-swim-31/","1","index, follow, max-snippet:-1, max-video-preview:-1, max-image-preview:large","","","https://pay.4more.ca/product/sun-squad-pool-swim-31/",""
"https://pay.4more.ca/product/clorox-poolspa-super-water-clarifier-32-oz/","1","index, follow, max-snippet:-1, max-video-preview:-1, max-image-preview:large","","","https://pay.4more.ca/product/clorox-poolspa-super-water-clarifier-32-oz/",""
"https://pay.4more.ca/product/sun-squad-polka-dots-kids-garden-tote-recycled-polyester-unstructured-handbag/","1","index, follow, max-snippet:-1, max-video-preview:-1, max-image-preview:large","","","https://pay.4more.ca/product/sun-squad-polka-dots-kids-garden-tote-recycled-polyester-unstructured-handbag/",""
"https://pay.4more.ca/wp-content/uploads/sites/16/2025/08/orbit-50021-in-ground-blu-lock-tubing-system-and-digital-hose-faucet-timer-2-zone-sprinkler-kit-blue-black-800x800.webp","0","","","","",""
"https://pay.4more.ca/wp-content/uploads/sites/16/2025/08/narwal-freo-z-ultra-robot-vacuum-and-mop-combo-dual-rgb-cameras-and-chips-ai-avoidance-12000pa-suction-real-time-decisions-adaptive-hot-water-self-wash-self-emptying-pet-hair-quiet-grey-2-800x800.webp","0","","","","",""
"https://pay.4more.ca/product/3m-scotch-brite-4pc-scrub-sponges/","1","index, follow, max-snippet:-1, max-video-preview:-1, max-image-preview:large","","","https://pay.4more.ca/product/3m-scotch-brite-4pc-scrub-sponges/",""
"https://pay.4more.ca/wp-content/uploads/sites/16/2025/07/3M-Scotch-Brite-4Pc-scrub-sponges-1-800x800.webp","0","","","","",""
"https://pay.4more.ca/product-category/pool-care-maintenance/pool-chemicals/","1","index, follow, max-snippet:-1, max-video-preview:-1, max-image-preview:large","","","https://pay.4more.ca/product-category/pool-care-maintenance/pool-chemicals/",""
"https://pay.4more.ca/wp-content/uploads/sites/16/2025/08/3M-4Pc-zero-scrutche-sponges-1-800x800.webp","0","","","","",""
"https://pay.4more.ca/wp-content/uploads/sites/16/2025/08/hdx-1-l-all-purpose-wide-mouth-all-angle-spray-bottle-800x800.webp","0","","","","",""
"https://pay.4more.ca/wp-content/uploads/sites/16/2025/07/parts-plumbing.jpg.webp","0","","","","",""
"https://pay.4more.ca/product/sun-squad-inflatable-swim-tube-31-inch-diameter-pool-float-for-summer-fun-3/","1","index, follow, max-snippet:-1, max-video-preview:-1, max-image-preview:large","","","https://pay.4more.ca/product/sun-squad-inflatable-swim-tube-31-inch-diameter-pool-float-for-summer-fun-3/",""
"https://pay.4more.ca/wp-content/uploads/sites/16/2025/08/bissell-stick-vacuum-featherweight-turbo-lightweight-with-lift-off-hand-vacuum-and-motorized-brushroll-powerful-and-compact-15-ft-cord-3-800x800.webp","0","","","","",""
"https://pay.4more.ca/wp-content/uploads/sites/16/2025/08/Clorox-Pool-Spa-Super-Water-Clarifier-32-oz-2-800x800.webp","0","","","","",""
"https://pay.4more.ca/product/bissell-stick-vacuum-featherweight-turbo-lightweight-with-lift-off-hand-vacuum-and-motorized-brushroll-powerful-and-compact-15-ft-cord/","1","index, follow, max-snippet:-1, max-video-preview:-1, max-image-preview:large","","","https://pay.4more.ca/product/bissell-stick-vacuum-featherweight-turbo-lightweight-with-lift-off-hand-vacuum-and-motorized-brushroll-powerful-and-compact-15-ft-cord/",""
"https://pay.4more.ca/product/narwal-freo-z-ultra-robot-vacuum-and-mop-combo-dual-rgb-cameras-and-chips-ai-avoidance-12000pa-suction-real-time-decisions-adaptive-hot-water-self-wash-self-emptying-pet-hair-quiet-grey/","1","index, follow, max-snippet:-1, max-video-preview:-1, max-image-preview:large","","","https://pay.4more.ca/product/narwal-freo-z-ultra-robot-vacuum-and-mop-combo-dual-rgb-cameras-and-chips-ai-avoidance-12000pa-suction-real-time-decisions-adaptive-hot-water-self-wash-self-emptying-pet-hair-quiet-grey/",""
"https://pay.4more.ca/product/hdx-1-l-all-purpose-wide-mouth-all-angle-spray-bottle/","1","index, follow, max-snippet:-1, max-video-preview:-1, max-image-preview:large","","","https://pay.4more.ca/product/hdx-1-l-all-purpose-wide-mouth-all-angle-spray-bottle/",""
"https://pay.4more.ca/product/shark-cyclone-pet-handheld-vacuum-with-hypervelocity-suction-ch701/","1","index, follow, max-snippet:-1, max-video-preview:-1, max-image-preview:large","","","https://pay.4more.ca/product/shark-cyclone-pet-handheld-vacuum-with-hypervelocity-suction-ch701/",""
"https://pay.4more.ca/wp-content/uploads/sites/16/2025/07/pool-chemicals.jpg.webp","0","","","","",""
"https://pay.4more.ca/wp-content/uploads/sites/16/2025/08/adidas-Youth-2-Pack-Short-Black-Black-Camo-Small-2.webp","0","","","","",""
"https://pay.4more.ca/wp-content/uploads/sites/16/2025/08/adidas-Youth-2-Pack-Short-Black-Black-Camo-Small-2-150x150.webp","0","","","","",""
"https://pay.4more.ca/wp-content/uploads/sites/16/2025/08/Danskin-Ladies-Performance-Legging-Side-Pockets-Soft-Touch-2-600x600.webp","0","","","","",""
"https://pay.4more.ca/wp-content/uploads/sites/16/2025/08/Up-Crop-Size-12-Coral-Pants-1-600x600.webp","0","","","","",""
"https://pay.4more.ca/wp-content/uploads/sites/16/2025/08/adidas-Youth-2-Pack-Short-Black-Black-Camo-Small-1-600x600.webp","0","","","","",""
"https://pay.4more.ca/product/danskin-ladies-performance-legging-side-pockets-soft-touch/","1","index, follow, max-snippet:-1, max-video-preview:-1, max-image-preview:large","","","https://pay.4more.ca/product/danskin-ladies-performance-legging-side-pockets-soft-touch/",""
"https://pay.4more.ca/product/upcrop-size-12-coral-pants/","1","index, follow, max-snippet:-1, max-video-preview:-1, max-image-preview:large","","","https://pay.4more.ca/product/upcrop-size-12-coral-pants/",""
"https://pay.4more.ca/wp-content/uploads/sites/16/2025/08/adidas-Youth-2-Pack-Short-Black-Black-Camo-Small-1.webp","0","","","","",""
"https://pay.4more.ca/wp-content/uploads/sites/16/2025/08/large-gap-essential-jogger-pants-mens-dark-pearl-1-600x600.webp","0","","","","",""
"https://pay.4more.ca/wp-content/uploads/sites/16/2025/08/large-gap-essential-jogger-pants-mens-dark-pearl-1.webp","0","","","","",""
"https://pay.4more.ca/wp-content/uploads/sites/16/2025/08/large-gap-essential-jogger-pants-mens-dark-pearl-2-600x600.webp","0","","","","",""
"https://pay.4more.ca/wp-content/uploads/sites/16/2025/08/large-gap-essential-jogger-pants-mens-dark-pearl-3-1-150x150.webp","0","","","","",""
"https://pay.4more.ca/wp-content/uploads/sites/16/2025/08/asus-m3702wfa-aio-27-all-in-one-desktop-computer-amd-ryzen-3-7320u-27-nanoedge-display-16gb-lpddr5-ram-512gb-pcie-ssd-wireless-keyboard-and-mouse-m3702wfak-csr3-cb-3-600x600.webp","0","","","","",""
"https://pay.4more.ca/wp-content/uploads/sites/16/2025/08/large-gap-essential-jogger-pants-mens-dark-pearl-2-1.webp","0","","","","",""
"https://pay.4more.ca/product/asus-m3702wfa-aio-27-all-in-one-desktop-computer-amd-ryzen-3-7320u-27-nanoedge-display-16gb-lpddr5-ram-512gb-pcie-ssd-wireless-keyboard-and-mouse-m3702wfak-csr3-cb/","1","index, follow, max-snippet:-1, max-video-preview:-1, max-image-preview:large","","","https://pay.4more.ca/product/asus-m3702wfa-aio-27-all-in-one-desktop-computer-amd-ryzen-3-7320u-27-nanoedge-display-16gb-lpddr5-ram-512gb-pcie-ssd-wireless-keyboard-and-mouse-m3702wfak-csr3-cb/",""
"https://pay.4more.ca/wp-content/uploads/sites/16/2025/08/large-gap-essential-jogger-pants-mens-dark-pearl-2-1-150x150.webp","0","","","","",""
"https://pay.4more.ca/wp-content/uploads/sites/16/2025/08/large-gap-essential-jogger-pants-mens-dark-pearl-3-1.webp","0","","","","",""
"https://pay.4more.ca/product/large-gap-essential-jogger-pants-mens-dark-pearl/","1","index, follow, max-snippet:-1, max-video-preview:-1, max-image-preview:large","","","https://pay.4more.ca/product/large-gap-essential-jogger-pants-mens-dark-pearl/",""
"https://pay.4more.ca/wp-content/uploads/sites/16/2025/07/Konftel-OCC-Hub-900102149-1-800x800.webp","0","","","","",""
"https://pay.4more.ca/wp-content/uploads/sites/16/2025/08/Scotty-Boutique-headphones-1-800x800.webp","0","","","","",""
"https://pay.4more.ca/product-category/apparel-accessories/mens-clothing/","1","index, follow, max-snippet:-1, max-video-preview:-1, max-image-preview:large","","","https://pay.4more.ca/product-category/apparel-accessories/mens-clothing/",""
"https://pay.4more.ca/wp-content/uploads/sites/16/2025/08/Mimoco-8GB-flash-driver-1-800x800.webp","0","","","","",""
"https://pay.4more.ca/wp-content/uploads/sites/16/2025/07/AirPods-Pro-1-800x800.webp","0","","","","",""
"https://pay.4more.ca/product/reeses-wireless-bluetooth-headphones-in-orange/","1","index, follow, max-snippet:-1, max-video-preview:-1, max-image-preview:large","","","https://pay.4more.ca/product/reeses-wireless-bluetooth-headphones-in-orange/",""
"https://pay.4more.ca/product/tronsmart-trip-portable-bluetooth-speaker-wireless-waterproof-speaker-with-10w-output-bluetooth-5-3-ipx7-waterproof-20h-playtime-built-in-mic-black/","1","index, follow, max-snippet:-1, max-video-preview:-1, max-image-preview:large","","","https://pay.4more.ca/product/tronsmart-trip-portable-bluetooth-speaker-wireless-waterproof-speaker-with-10w-output-bluetooth-5-3-ipx7-waterproof-20h-playtime-built-in-mic-black/",""
"https://pay.4more.ca/wp-content/uploads/sites/16/2025/08/Tronsmart-Trip-Portable-Bluetooth-Speaker-Wireless-Waterproof-Speaker-with-10W-1-800x800.webp","0","","","","",""
"https://pay.4more.ca/wp-content/uploads/sites/16/2025/08/ART-HP-1-Single-channel-Headphone-Amp-1.webp","0","","","","",""
"https://pay.4more.ca/product/mimoco-8gb-flash-driver/","1","index, follow, max-snippet:-1, max-video-preview:-1, max-image-preview:large","","","https://pay.4more.ca/product/mimoco-8gb-flash-driver/",""
"https://pay.4more.ca/wp-content/uploads/sites/16/2025/08/Monster-S310-Bluetooth-Speaker-1-800x800.webp","0","","","","",""
"https://pay.4more.ca/wp-content/uploads/sites/16/2025/07/Marshall-Motif-True-Wireless-Noise-Canceling-Headphones-Black-1-800x800.webp","0","","","","",""
"https://pay.4more.ca/product/scotty-boutique-headphones/","1","index, follow, max-snippet:-1, max-video-preview:-1, max-image-preview:large","","","https://pay.4more.ca/product/scotty-boutique-headphones/",""
"https://pay.4more.ca/product/konftel-occ-hub-900102149/","1","index, follow, max-snippet:-1, max-video-preview:-1, max-image-preview:large","","","https://pay.4more.ca/product/konftel-occ-hub-900102149/",""
"https://pay.4more.ca/wp-content/uploads/sites/16/2025/08/Reese-s-Wireless-Bluetooth-Headphones-in-Orange-1-800x800.webp","0","","","","",""
"https://pay.4more.ca/product/monster-s310-bluetooth-speaker/","1","index, follow, max-snippet:-1, max-video-preview:-1, max-image-preview:large","","","https://pay.4more.ca/product/monster-s310-bluetooth-speaker/",""
"https://pay.4more.ca/product/art-hp-1-single-channel-headphone-amp/","1","index, follow, max-snippet:-1, max-video-preview:-1, max-image-preview:large","","","https://pay.4more.ca/product/art-hp-1-single-channel-headphone-amp/",""
"https://pay.4more.ca/wp-content/uploads/sites/16/2025/07/Hampton-Bay-Ellington-4-Piece-Steel-Outdoor-Patio-Seating-Set-with-Malachite-Gre-2-1.webp","0","","","","",""
"https://pay.4more.ca/product/marshall-motif-true-wireless-noise-canceling-headphones-black/","1","index, follow, max-snippet:-1, max-video-preview:-1, max-image-preview:large","","","https://pay.4more.ca/product/marshall-motif-true-wireless-noise-canceling-headphones-black/",""
"https://pay.4more.ca/product-category/home-improvements/outdoor-garden/outdoor-furniture/","1","index, follow, max-snippet:-1, max-video-preview:-1, max-image-preview:large","","","https://pay.4more.ca/product-category/home-improvements/outdoor-garden/outdoor-furniture/",""
"https://pay.4more.ca/wp-content/uploads/sites/16/2025/07/Hampton-Bay-Ellington-4-Piece-Steel-Outdoor-Patio-Seating-Set-with-Malachite-Gre-3.webp","0","","","","",""
"https://pay.4more.ca/wp-content/uploads/sites/16/2025/07/Hampton-Bay-Ellington-4-Piece-Steel-Outdoor-Patio-Seating-Set-with-Malachite-Gre-6.webp","0","","","","",""
"https://pay.4more.ca/wp-content/uploads/sites/16/2025/07/Hampton-Bay-Ellington-4-Piece-Steel-Outdoor-Patio-Seating-Set-with-Malachite-Gre-1-1.webp","0","","","","",""
"https://pay.4more.ca/wp-content/uploads/sites/16/2025/07/Hampton-Bay-Harmony-Hill-3-Piece-Outdoor-Sectional-with-Almond-Cushions-1-1-600x600.webp","0","","","","",""
"https://pay.4more.ca/wp-content/uploads/sites/16/2025/07/Hampton-Bay-Ellington-4-Piece-Steel-Outdoor-Patio-Seating-Set-with-Malachite-Gre-4.webp","0","","","","",""
"https://pay.4more.ca/wp-content/uploads/sites/16/2025/07/Hampton-Bay-Ellington-4-Piece-Steel-Outdoor-Patio-Seating-Set-with-Malachite-Gre-7.webp","0","","","","",""
"https://pay.4more.ca/wp-content/uploads/sites/16/2025/07/Hampton-Bay-Ellington-4-Piece-Steel-Outdoor-Patio-Seating-Set-with-Malachite-Gre-2-1-150x150.webp","0","","","","",""
"https://pay.4more.ca/product/hampton-bay-harmony-hill-3-piece-outdoor-sectional-with-almond-cushions/","1","index, follow, max-snippet:-1, max-video-preview:-1, max-image-preview:large","","","https://pay.4more.ca/product/hampton-bay-harmony-hill-3-piece-outdoor-sectional-with-almond-cushions/",""
"https://pay.4more.ca/wp-content/uploads/sites/16/2025/07/Hampton-Bay-Ellington-4-Piece-Steel-Outdoor-Patio-Seating-Set-with-Malachite-Gre-5.webp","0","","","","",""
"https://pay.4more.ca/wp-content/uploads/sites/16/2025/07/Hampton-Bay-Ellington-4-Piece-Steel-Outdoor-Patio-Seating-Set-with-Malachite-Gre-1-1-600x600.webp","0","","","","",""
"https://pay.4more.ca/wp-content/uploads/sites/16/2025/07/Hampton-Bay-Ellington-4-Piece-Steel-Outdoor-Patio-Seating-Set-with-Malachite-Gre-5-150x150.webp","0","","","","",""
"https://pay.4more.ca/wp-content/uploads/sites/16/2025/07/Hampton-Bay-Ellington-4-Piece-Steel-Outdoor-Patio-Seating-Set-with-Malachite-Gre-4-150x150.webp","0","","","","",""
"https://pay.4more.ca/wp-content/uploads/sites/16/2025/07/Hampton-Bay-Ellington-4-Piece-Steel-Outdoor-Patio-Seating-Set-with-Malachite-Gre-3-150x150.webp","0","","","","",""
"https://pay.4more.ca/wp-content/uploads/sites/16/2025/07/Hampton-Bay-Ellington-4-Piece-Steel-Outdoor-Patio-Seating-Set-with-Malachite-Gre-6-150x150.webp","0","","","","",""
"https://pay.4more.ca/wp-content/uploads/sites/16/2025/07/Hampton-Bay-Ellington-4-Piece-Steel-Outdoor-Patio-Seating-Set-with-Malachite-Gre-7-150x150.webp","0","","","","",""
"https://pay.4more.ca/wp-content/uploads/sites/16/2025/07/AirPods-Pro-1-600x600.webp","0","","","","",""
"https://pay.4more.ca/wp-content/uploads/sites/16/2025/08/GE-3.5W-LED-CAC-Soft-White-Clear-Bent-Tip-Decorative-Bulbs-2-Pk-1-800x800.webp","0","","","","",""
"https://pay.4more.ca/product-category/home-improvements/outdoor-garden/","1","index, follow, max-snippet:-1, max-video-preview:-1, max-image-preview:large","","","https://pay.4more.ca/product-category/home-improvements/outdoor-garden/",""
"https://pay.4more.ca/wp-content/uploads/sites/16/2025/08/GE-Lighting-36845-Light-Bulb-Refresh-HD-Dimmable-LED-A19-10.5-60-Watt-Replaceme-2-800x800.webp","0","","","","",""
"https://pay.4more.ca/wp-content/uploads/sites/16/2025/08/Philips-471235-Led-50W-PAR20-Glass-Daylight-5000K-3-Pack-1-800x800.webp","0","","","","",""
"https://pay.4more.ca/product/brand-new-tiki-convertible-torch-69-in-54-in-clear-glass-garden-torch/","1","index, follow, max-snippet:-1, max-video-preview:-1, max-image-preview:large","","","https://pay.4more.ca/product/brand-new-tiki-convertible-torch-69-in-54-in-clear-glass-garden-torch/",""
"https://pay.4more.ca/product/ge-led-color-lamp-led-light-bulbsgeneral-purpose-a19-bulb-9-5-watts-1-pack/","1","index, follow, max-snippet:-1, max-video-preview:-1, max-image-preview:large","","","https://pay.4more.ca/product/ge-led-color-lamp-led-light-bulbsgeneral-purpose-a19-bulb-9-5-watts-1-pack/",""
"https://pay.4more.ca/wp-content/uploads/sites/16/2025/08/SEALIGHT-H7-LED-Headlight-Bulbs-32000-Lumens-800-Brighter-6500K-Cool-White-Led-1-800x800.webp","0","","","","",""
"https://pay.4more.ca/wp-content/uploads/sites/16/2025/08/General-Electric-Lighting-3003063-40W-Equivalence-Relax-BC-E12-Candelabra-LED-Bu-1-800x800.webp","0","","","","",""
"https://pay.4more.ca/product/general-electric-lighting-3003063-40w-equivalence-relax-bc-e12-candelabra-led-bulb-soft-white-pack-of-2/","1","index, follow, max-snippet:-1, max-video-preview:-1, max-image-preview:large","","","https://pay.4more.ca/product/general-electric-lighting-3003063-40w-equivalence-relax-bc-e12-candelabra-led-bulb-soft-white-pack-of-2/",""
"https://pay.4more.ca/wp-content/uploads/sites/16/2025/08/GE-LED-Color-Lamp-LED-Light-Bulbs-General-Purpose-A19-Bulb-9.5-Watts-1-Pack-2-800x800.webp","0","","","","",""
"https://pay.4more.ca/product/ge-lighting-36845-light-bulb-refresh-hd-dimmable-led-a19-10-5-60-watt-replacement-800-lumen-medium-base-2-pack-daylight-2-count/","1","index, follow, max-snippet:-1, max-video-preview:-1, max-image-preview:large","","","https://pay.4more.ca/product/ge-lighting-36845-light-bulb-refresh-hd-dimmable-led-a19-10-5-60-watt-replacement-800-lumen-medium-base-2-pack-daylight-2-count/",""
"https://pay.4more.ca/product/sealight-x1s-h11-h8-h9-led-headlight-bulbs-800-super-bright-led-bulbs-11-mini-size-plug-and-play-6500k-cool-white-halogen-replacement-pack-of-2/","1","index, follow, max-snippet:-1, max-video-preview:-1, max-image-preview:large","","","https://pay.4more.ca/product/sealight-x1s-h11-h8-h9-led-headlight-bulbs-800-super-bright-led-bulbs-11-mini-size-plug-and-play-6500k-cool-white-halogen-replacement-pack-of-2/",""
"https://pay.4more.ca/product/ge-relax-hd-a19-led-light-bulbs/","1","index, follow, max-snippet:-1, max-video-preview:-1, max-image-preview:large","","","https://pay.4more.ca/product/ge-relax-hd-a19-led-light-bulbs/",""
"https://pay.4more.ca/wp-content/uploads/sites/16/2025/08/GE-Relax-HD-A19-LED-Light-Bulbs-1-800x800.webp","0","","","","",""
"https://pay.4more.ca/product/ge-3-5w-led-cac-soft-white-clear-bent-tip-decorative-bulbs-2-pk/","1","index, follow, max-snippet:-1, max-video-preview:-1, max-image-preview:large","","","https://pay.4more.ca/product/ge-3-5w-led-cac-soft-white-clear-bent-tip-decorative-bulbs-2-pk/",""
"https://pay.4more.ca/wp-content/uploads/sites/16/2025/08/SEALIGHT-X1S-H11-H8-H9-LED-Headlight-Bulbs-800-Super-Bright-LED-Bulbs-1-1-Min-1-800x800.webp","0","","","","",""
"https://pay.4more.ca/product/philips-471235-led-50w-par20-glass-daylight-5000k-3-pack/","1","index, follow, max-snippet:-1, max-video-preview:-1, max-image-preview:large","","","https://pay.4more.ca/product/philips-471235-led-50w-par20-glass-daylight-5000k-3-pack/",""
"https://pay.4more.ca/product/airpods-pro/","1","index, follow, max-snippet:-1, max-video-preview:-1, max-image-preview:large","","","https://pay.4more.ca/product/airpods-pro/",""
"https://pay.4more.ca/wp-content/uploads/sites/16/2025/08/TIKI-Metal-Black-Orange-Easy-Install-Outdoor-Torches-2-Pack-65-Inch-Decorat-1-800x800.webp","0","","","","",""
"https://pay.4more.ca/product/tiki-metal-black-orange-easy-install-outdoor-torches-2-pack-65-inch-decorative-torches-for-patio-lawn-backyard-garden-weather-resistant-torch-lighting-with-wick-amp/","1","index, follow, max-snippet:-1, max-video-preview:-1, max-image-preview:large","","","https://pay.4more.ca/product/tiki-metal-black-orange-easy-install-outdoor-torches-2-pack-65-inch-decorative-torches-for-patio-lawn-backyard-garden-weather-resistant-torch-lighting-with-wick-amp/",""
"https://pay.4more.ca/product-category/home-improvements/lighting/outdoor-lighting/","1","index, follow, max-snippet:-1, max-video-preview:-1, max-image-preview:large","","","https://pay.4more.ca/product-category/home-improvements/lighting/outdoor-lighting/",""
"https://pay.4more.ca/wp-content/uploads/sites/16/2025/07/outdoor-lighting.jpg.webp","0","","","","",""
"https://pay.4more.ca/wp-content/uploads/sites/16/2025/08/BRAND-NEW-TIKI-Convertible-Torch-69-in-54-in-Clear-Glass-Garden-Torch-2-800x800.webp","0","","","","",""
"https://pay.4more.ca/wp-content/uploads/sites/16/2025/08/So-Yummy-by-Bella-16-Cup-Rice-Cooker-and-Steamer-Lavender-2-800x800.webp","0","","","","",""
"https://pay.4more.ca/wp-content/uploads/sites/16/2025/08/Emson-Pasta-N-More-Microwavable-Pasta-Cooker-1-800x800.webp","0","","","","",""
"https://pay.4more.ca/wp-content/uploads/sites/16/2025/08/ninja-creami-ice-cream-maker-for-gelato-mix-ins-milkshakes-sorbet-smoothie-bowls-more-7-one-touch-programs-with-2-pint-containers-lids-nc301crg-rose-gold-canadian-version-800x800.webp","0","","","","",""
"https://pay.4more.ca/wp-content/uploads/sites/16/2025/08/ninja-slushi-professional-frozen-drink-ice-machine-with-rapidchill-technology-grill-slushie-maker-5-preset-programs-for-frozen-margaritas-frappes-and-more-fs301c-canadian-version-2-800x800.webp","0","","","","",""
"https://pay.4more.ca/wp-content/uploads/sites/16/2025/08/keurig-k-mini-go-single-serve-k-cup-pod-coffee-maker-violet-800x800.webp","0","","","","",""
"https://pay.4more.ca/product/emson-pasta-n-more-microwavable-pasta-cooker/","1","index, follow, max-snippet:-1, max-video-preview:-1, max-image-preview:large","","","https://pay.4more.ca/product/emson-pasta-n-more-microwavable-pasta-cooker/",""
"https://pay.4more.ca/wp-content/uploads/sites/16/2025/07/3M-Scotch-Brite-6Pc-scrub-sponges-1-800x800.webp","0","","","","",""
"https://pay.4more.ca/wp-content/uploads/sites/16/2025/08/Modern-Stainless-Steel-4-Slice-Toaster-1-800x800.webp","0","","","","",""
"https://pay.4more.ca/product/modern-stainless-steel-4-slice-toaster/","1","index, follow, max-snippet:-1, max-video-preview:-1, max-image-preview:large","","","https://pay.4more.ca/product/modern-stainless-steel-4-slice-toaster/",""
"https://pay.4more.ca/product/hampton-bay-edson-30-inch-w-x-30-inch-h-x-12-5-inch-d-shaker-style-assembled-kitchen-wall-cabinet/","1","index, follow, max-snippet:-1, max-video-preview:-1, max-image-preview:large","","","https://pay.4more.ca/product/hampton-bay-edson-30-inch-w-x-30-inch-h-x-12-5-inch-d-shaker-style-assembled-kitchen-wall-cabinet/",""
"https://pay.4more.ca/wp-content/uploads/sites/16/2025/08/Crock-Pot-2-Qt.-Classic-Slow-Cooker-Small-Slow-Cooker-Black-2-800x800.webp","0","","","","",""
"https://pay.4more.ca/wp-content/uploads/sites/16/2025/08/philips-3200-series-fully-automatic-espresso-machine-lattego-milk-frother-5-coffee-varieties-intuitive-touch-display-100-ceramic-grinder-aquaclean-filter-my-coffee-choice-black-ep324154-800x800.webp","0","","","","",""
"https://pay.4more.ca/wp-content/uploads/sites/16/2025/08/avalon-bottom-loading-water-cooler-water-dispenser-3-temperature-ulenergy-star-approved-black-stainless-steel-2-800x800.webp","0","","","","",""
"https://pay.4more.ca/product/euhomy-countertop-ice-maker-machine-with-handle-26lbs-per-day-9-ice-cubes-ready-in-6-mins-auto-cleaning-portable-ice-maker-with-basket-and-scoop-for-home-kitchen-camping-rv-silver/","1","index, follow, max-snippet:-1, max-video-preview:-1, max-image-preview:large","","","https://pay.4more.ca/product/euhomy-countertop-ice-maker-machine-with-handle-26lbs-per-day-9-ice-cubes-ready-in-6-mins-auto-cleaning-portable-ice-maker-with-basket-and-scoop-for-home-kitchen-camping-rv-silver/",""
"https://pay.4more.ca/product/crock-pot-2-qt-classic-slow-cooker-small-slow-cooker-black/","1","index, follow, max-snippet:-1, max-video-preview:-1, max-image-preview:large","","","https://pay.4more.ca/product/crock-pot-2-qt-classic-slow-cooker-small-slow-cooker-black/",""
"https://pay.4more.ca/product/avalon-bottom-loading-water-cooler-water-dispenser-3-temperature-ul-energy-star-approved-black-stainless-steel/","1","index, follow, max-snippet:-1, max-video-preview:-1, max-image-preview:large","","","https://pay.4more.ca/product/avalon-bottom-loading-water-cooler-water-dispenser-3-temperature-ul-energy-star-approved-black-stainless-steel/",""
"https://pay.4more.ca/wp-content/uploads/sites/16/2025/07/kitchen-appliances.jpg.webp","0","","","","",""
"https://pay.4more.ca/product/perfect-power-pot/","1","index, follow, max-snippet:-1, max-video-preview:-1, max-image-preview:large","","","https://pay.4more.ca/product/perfect-power-pot/",""
"https://pay.4more.ca/wp-content/uploads/sites/16/2025/08/kitchenaid-dual-convection-countertop-oven-with-air-fry-and-temperature-probe-black-matte-kco224bm-800x800.webp","0","","","","",""
"https://pay.4more.ca/product/so-yummy-by-bella-16-cup-rice-cooker-and-steamer-lavender/","1","index, follow, max-snippet:-1, max-video-preview:-1, max-image-preview:large","","","https://pay.4more.ca/product/so-yummy-by-bella-16-cup-rice-cooker-and-steamer-lavender/",""
"https://pay.4more.ca/wp-content/uploads/sites/16/2025/08/philips-baristina-espresso-machine-real-espresso-made-simple-compact-coffee-machine-natural-black-with-black-portafilter-16-bar-pump-pressure-automatic-grinder-cafe-crema-bar30060-3-800x800.webp","0","","","","",""
"https://pay.4more.ca/wp-content/uploads/sites/16/2025/08/HisoHu-30-Inch-Under-Cabinet-Range-Hood-with-900-CFM-4-Speed-Gesture-Sensing-To-1-800x800.webp","0","","","","",""
"https://pay.4more.ca/product/3m-scotch-brite-6pc-scrub-sponges/","1","index, follow, max-snippet:-1, max-video-preview:-1, max-image-preview:large","","","https://pay.4more.ca/product/3m-scotch-brite-6pc-scrub-sponges/",""
"https://pay.4more.ca/product/keurig-k-mini-go-single-serve-k-cup-pod-coffee-maker-violet/","1","index, follow, max-snippet:-1, max-video-preview:-1, max-image-preview:large","","","https://pay.4more.ca/product/keurig-k-mini-go-single-serve-k-cup-pod-coffee-maker-violet/",""
"https://pay.4more.ca/wp-content/uploads/sites/16/2025/08/Perfect-Power-Pot-1-800x800.webp","0","","","","",""
"https://pay.4more.ca/wp-content/uploads/sites/16/2025/07/Hampton-Bay-Edson-30-inch-W-x-30-inch-H-x-12.5-inch-D-Shaker-Style-Assembled-Kit-1-2-800x800.webp","0","","","","",""
"https://pay.4more.ca/wp-content/uploads/sites/16/2025/08/euhomy-countertop-ice-maker-machine-with-handle-26lbs-per-day-9-ice-cubes-ready-in-6-mins-auto-cleaning-portable-ice-maker-with-basket-and-scoop-for-homekitchencampingrv-silver-800x800.webp","0","","","","",""
"https://pay.4more.ca/product/philips-3200-series-fully-automatic-espresso-machine-lattego-milk-frother-5-coffee-varieties-intuitive-touch-display-100-ceramic-grinder-aquaclean-filter-my-coffee-choice-black-ep3241-54/","1","index, follow, max-snippet:-1, max-video-preview:-1, max-image-preview:large","","","https://pay.4more.ca/product/philips-3200-series-fully-automatic-espresso-machine-lattego-milk-frother-5-coffee-varieties-intuitive-touch-display-100-ceramic-grinder-aquaclean-filter-my-coffee-choice-black-ep3241-54/",""
"https://pay.4more.ca/wp-content/themes/woodmart/css/parts/woo-single-prod-el-base.min.css?ver=8.1.2","0","","","","",""
"https://pay.4more.ca/product/philips-baristina-espresso-machine-real-espresso-made-simple-compact-coffee-machine-natural-black-with-black-portafilter-16-bar-pump-pressure-automatic-grinder-cafe-crema-bar300-60/","1","index, follow, max-snippet:-1, max-video-preview:-1, max-image-preview:large","","","https://pay.4more.ca/product/philips-baristina-espresso-machine-real-espresso-made-simple-compact-coffee-machine-natural-black-with-black-portafilter-16-bar-pump-pressure-automatic-grinder-cafe-crema-bar300-60/",""
"https://pay.4more.ca/wp-content/cache/min/16/wp-content/plugins/jeg-elementor-kit/assets/css/elements/main.css?ver=1755707240","0","","","","",""
"https://pay.4more.ca/product/kitchenaid-dual-convection-countertop-oven-with-air-fry-and-temperature-probe-black-matte-kco224bm/","1","index, follow, max-snippet:-1, max-video-preview:-1, max-image-preview:large","","","https://pay.4more.ca/product/kitchenaid-dual-convection-countertop-oven-with-air-fry-and-temperature-probe-black-matte-kco224bm/",""
"https://pay.4more.ca/product/ninja-creami-ice-cream-maker-for-gelato-mix-ins-milkshakes-sorbet-smoothie-bowls-more-7-one-touch-programs-with-2-pint-containers-lids-nc301crg-rose-gold-canadian-version/","1","index, follow, max-snippet:-1, max-video-preview:-1, max-image-preview:large","","","https://pay.4more.ca/product/ninja-creami-ice-cream-maker-for-gelato-mix-ins-milkshakes-sorbet-smoothie-bowls-more-7-one-touch-programs-with-2-pint-containers-lids-nc301crg-rose-gold-canadian-version/",""
"https://pay.4more.ca/wp-content/themes/woodmart/css/parts/wp-blocks.min.css?ver=8.1.2","0","","","","",""
"https://pay.4more.ca/wp-content/cache/min/16/wp-content/plugins/perfect-woocommerce-brands/build/frontend/css/style.css?ver=1755707240","0","","","","",""
"https://pay.4more.ca/wp-content/uploads/sites/16/2025/07/13.1-LED-Flexible-Strip-Rope-Light-West-Arrow-Ombre-Color-1-600x600.webp","0","","","","",""
"https://pay.4more.ca/wp-content/cache/min/16/wp-content/plugins/elementskit-lite/widgets/init/assets/css/responsive.css?ver=1755707240","0","","","","",""
"https://pay.4more.ca/wp-content/uploads/sites/16/2025/07/13.1-LED-Flexible-Strip-Rope-Light-West-Arrow-Ombre-Color-3.webp","0","","","","",""
"https://pay.4more.ca/wp-content/themes/woodmart/css/parts/mod-star-rating.min.css?ver=8.1.2","0","","","","",""
"https://pay.4more.ca/wp-content/themes/woodmart/css/parts/woo-mod-progress-bar.min.css?ver=8.1.2","0","","","","",""
"https://pay.4more.ca/wp-content/uploads/sites/16/elementor/css/custom-frontend.min.css?ver=1755707239","0","","","","",""
"https://pay.4more.ca/wp-content/themes/woodmart/css/parts/woo-mod-stock-status.min.css?ver=8.1.2","0","","","","",""
"https://pay.4more.ca/wp-content/themes/woodmart/css/parts/woocommerce-base.min.css?ver=8.1.2","0","","","","",""
"https://pay.4more.ca/wp-content/cache/min/16/wp-content/plugins/4more-loyalty-plugin/public/css/fourmore-loyalty-public.css?ver=1755707240","0","","","","",""
"https://pay.4more.ca/wp-content/uploads/sites/16/2025/07/13.1-LED-Flexible-Strip-Rope-Light-West-Arrow-Ombre-Color-2.webp","0","","","","",""
"https://pay.4more.ca/wp-content/themes/woodmart/css/parts/woo-mod-shop-attributes.min.css?ver=8.1.2","0","","","","",""
"https://pay.4more.ca/wp-content/themes/woodmart/css/parts/woo-mod-quantity.min.css?ver=8.1.2","0","","","","",""
"https://pay.4more.ca/wp-content/themes/woodmart/css/parts/woo-opt-free-progress-bar.min.css?ver=8.1.2","0","","","","",""
"https://pay.4more.ca/product/curl-talk-frizz-control-sculpting-gel-highly-defined-curls-and-natural-movement/","1","index, follow, max-snippet:-1, max-video-preview:-1, max-image-preview:large","","","https://pay.4more.ca/product/curl-talk-frizz-control-sculpting-gel-highly-defined-curls-and-natural-movement/",""
"https://pay.4more.ca/wp-content/cache/min/16/wp-content/plugins/checkout-plugins-stripe-woo/assets/css/stripe-elements.css?ver=1755707240","0","","","","",""
"https://pay.4more.ca/wp-content/cache/min/16/wp-content/plugins/checkout-plugins-stripe-woo/assets/css/express-checkout.css?ver=1755707240","0","","","","",""
"https://pay.4more.ca/wp-content/cache/fonts/16/google-fonts/css/b/8/8/acd444f59f8b65c28c3cc6fcdab0b.css","0","","","","",""
"https://pay.4more.ca/wp-content/cache/min/16/wp-content/plugins/elementskit-lite/modules/elementskit-icon-pack/assets/css/ekiticons.css?ver=1755707240","0","","","","",""
"https://pay.4more.ca/wp-content/uploads/sites/16/2025/07/13.1-LED-Flexible-Strip-Rope-Light-West-Arrow-Ombre-Color-3-150x150.webp","0","","","","",""
"https://pay.4more.ca/wp-content/cache/background-css/16/pay.4more.ca/wp-content/themes/woodmart/css/parts/base.min.css?ver=8.1.2&wpr_t=1755807459","0","","","","",""
"https://pay.4more.ca/wp-content/cache/background-css/16/pay.4more.ca/wp-content/cache/min/16/wp-content/plugins/elementskit-lite/widgets/init/assets/css/widget-styles.css?ver=1755707240&wpr_t=1755807459","0","","","","",""
"https://pay.4more.ca/wp-includes/css/dist/block-library/style.min.css?ver=6.8.2","0","","","","",""
"https://pay.4more.ca/wp-content/uploads/sites/16/2025/07/13.1-LED-Flexible-Strip-Rope-Light-West-Arrow-Ombre-Color-1-150x150.webp","0","","","","",""
"https://pay.4more.ca/wp-content/uploads/sites/16/2025/07/13.1-LED-Flexible-Strip-Rope-Light-West-Arrow-Ombre-Color-2-150x150.webp","0","","","","",""
"https://pay.4more.ca/wp-content/uploads/sites/16/2025/07/CURL-TALK-FRIZZ-CONTROL-SCULPTING-GEL-Highly-defined-curls-and-natural-movement-1-600x600.webp","0","","","","",""
"https://pay.4more.ca/wp-content/cache/min/16/wp-content/uploads/sites/16/2025/08/xts-theme_settings_default-1754079191.css?ver=1755707240","0","","","","",""
"https://pay.4more.ca/wp-content/uploads/sites/16/2025/07/13.1-LED-Flexible-Strip-Rope-Light-West-Arrow-Ombre-Color-4-150x150.webp","0","","","","",""
"https://pay.4more.ca/wp-content/cache/min/16/wp-content/uploads/sites/16/elementor/css/post-3.css?ver=1755707240","0","","","","",""
"https://pay.4more.ca/wp-content/themes/woodmart-child/style.css?ver=8.1.2","0","","","","",""
"https://pay.4more.ca/wp-content/themes/woodmart/css/parts/int-elementor-pro.min.css?ver=8.1.2","0","","","","",""
"https://pay.4more.ca/wp-content/uploads/sites/16/2025/07/13.1-LED-Flexible-Strip-Rope-Light-West-Arrow-Ombre-Color-4.webp","0","","","","",""
"https://pay.4more.ca/wp-content/themes/woodmart/css/parts/int-rev-slider.min.css?ver=8.1.2","0","","","","",""
"https://pay.4more.ca/wp-content/themes/woodmart/css/parts/int-elem-base.min.css?ver=8.1.2","0","","","","",""
"https://pay.4more.ca/wp-content/uploads/sites/16/2025/07/13.1-LED-Flexible-Strip-Rope-Light-West-Arrow-Ombre-Color-1.webp","0","","","","",""
"https://pay.4more.ca/wp-content/cache/min/16/wp-content/uploads/sites/16/2025/07/xts-header_695440-1753984229.css?ver=1755707240","0","","","","",""
"https://pay.4more.ca/wp-content/plugins/advanced-product-fields-for-woocommerce/assets/css/frontend.min.css?ver=1.6.16","0","","","","",""
"https://pay.4more.ca/wp-content/themes/woodmart/css/parts/helpers-wpb-elem.min.css?ver=8.1.2","0","","","","",""
"https://pay.4more.ca/wp-content/themes/woodmart/css/parts/woo-mod-block-notices.min.css?ver=8.1.2","0","","","","",""
"https://pay.4more.ca/wp-content/uploads/sites/16/2025/07/Multicolor-Pen-1-600x600.webp","0","","","","",""
"https://pay.4more.ca/wp-content/cache/min/16/wp-content/plugins/revslider/public/css/sr7.css?ver=1755707240","0","","","","",""
"https://pay.4more.ca/wp-content/cache/background-css/16/pay.4more.ca/wp-content/plugins/woocommerce-social-login/assets/css/frontend/wc-social-login.min.css?ver=2.16.0&wpr_t=1755807459","0","","","","",""
"https://pay.4more.ca/wp-content/uploads/sites/16/2025/08/RTRMAX-Side-cutting-pliers-1.webp","0","","","","",""
"https://pay.4more.ca/wp-content/uploads/sites/16/2025/08/3M-4Pc-zero-scrutche-sponges-1-600x600.webp","0","","","","",""
"https://pay.4more.ca/product/3m-4pc-zero-scrutche-sponges/","1","index, follow, max-snippet:-1, max-video-preview:-1, max-image-preview:large","","","https://pay.4more.ca/product/3m-4pc-zero-scrutche-sponges/",""
"https://pay.4more.ca/wp-content/uploads/sites/16/2025/08/RTRMAX-Side-cutting-pliers-1-600x600.webp","0","","","","",""
"https://pay.4more.ca/product/rtrmax-tct-saw-blade/","1","index, follow, max-snippet:-1, max-video-preview:-1, max-image-preview:large","","","https://pay.4more.ca/product/rtrmax-tct-saw-blade/",""
"https://pay.4more.ca/wp-content/uploads/sites/16/2025/08/RTRMAX-TCT-Saw-Blade-1-600x600.webp","0","","","","",""
"https://pay.4more.ca/wp-content/uploads/sites/16/2025/07/SwimWays-Spring-Float-Premium-SunSeat-Pool-Chairs-Inflatable-Pool-Floats-Adult-3-150x150.webp","0","","","","",""
"https://pay.4more.ca/wp-content/plugins/wp-rocket/assets/js/wpr-beacon.min.js","0","","","","",""
"https://pay.4more.ca/wp-content/uploads/sites/16/2025/07/SwimWays-Spring-Float-Premium-SunSeat-Pool-Chairs-Inflatable-Pool-Floats-Adult-3.webp","0","","","","",""
"https://pay.4more.ca/product/mesh-shower-bag-hanging-toiletry-bag-college-dorm-essentials-bag-portable-wash-bag-quick-dry-cosmetic-bag-shower-organizer-for-bathroom-dorms-beach-camping-shopping-travelling/","1","index, follow, max-snippet:-1, max-video-preview:-1, max-image-preview:large","","","https://pay.4more.ca/product/mesh-shower-bag-hanging-toiletry-bag-college-dorm-essentials-bag-portable-wash-bag-quick-dry-cosmetic-bag-shower-organizer-for-bathroom-dorms-beach-camping-shopping-travelling/",""
"https://pay.4more.ca/wp-content/uploads/sites/16/2025/07/SwimWays-Spring-Float-Premium-SunSeat-Pool-Chairs-Inflatable-Pool-Floats-Adult-2.webp","0","","","","",""
"https://pay.4more.ca/wp-content/uploads/sites/16/2025/07/Mesh-Shower-Bag-Hanging-Toiletry-Bag-College-Dorm-Essentials-Bag-Portable-Wash-B-1-600x600.webp","0","","","","",""
"https://pay.4more.ca/product/bullseyes-playground/","1","index, follow, max-snippet:-1, max-video-preview:-1, max-image-preview:large","","","https://pay.4more.ca/product/bullseyes-playground/",""
"https://pay.4more.ca/wp-content/uploads/sites/16/2025/07/SwimWays-Spring-Float-Premium-SunSeat-Pool-Chairs-Inflatable-Pool-Floats-Adult-1-600x600.webp","0","","","","",""
"https://pay.4more.ca/wp-content/uploads/sites/16/2025/07/SwimWays-Spring-Float-Premium-SunSeat-Pool-Chairs-Inflatable-Pool-Floats-Adult-4-150x150.webp","0","","","","",""
"https://pay.4more.ca/wp-content/uploads/sites/16/2025/07/SwimWays-Spring-Float-Premium-SunSeat-Pool-Chairs-Inflatable-Pool-Floats-Adult-1.webp","0","","","","",""
"https://pay.4more.ca/wp-content/uploads/sites/16/2025/07/SwimWays-Spring-Float-Premium-SunSeat-Pool-Chairs-Inflatable-Pool-Floats-Adult-2-150x150.webp","0","","","","",""
"https://pay.4more.ca/product/multicolor-pen/","1","index, follow, max-snippet:-1, max-video-preview:-1, max-image-preview:large","","","https://pay.4more.ca/product/multicolor-pen/",""
