Product Name,Product URL,SKU,Shelf Location,Category,Category Name,Parent Category Rollup (from Category),Special Suppliers,Scraping Status,Unit Retail Price,Currency,4more Unit Price (CAD),Quantity,Description,Dimensions,Weight,Photos URL,Photo Files,Featured Photos,Scraping Website,Error,Inspection Condition,Inspection Notes,Inspection Photos,Box Condition,Color,Model,Pallet,Status,Sale Price,Original Price,Processed By,4more Store,Created By,Created Time,Last Modified By,Last modified time,Optimized-Item Featured Photo,Item Type,WC-Type,GTIN,4more Price,Total Price,Inspected,Warehouse,Supplier Minimum Price,Store Inventory No,Shipping Available,Heavy,Fragile,Big,SEO Product Name,Brand,Product Tags,Meta Description,Meta Title,Focus Keyword,Product Slug,Image Alt Text,Notes,Optimized-Item Photos,Optimized-Inspection Photos,Optimized-thumbnail images,Image Unification Status,Product SEO Title,Featured,Woocommerce-Status
"Giant Pool Party Pong, New.",https://www.ebay.ca/itm/156400051410,P00327,2-B,Pool Floats & Recreation,Pool Floats & Recreation,Pool Care & Maintenance,,Done,$49.99,,,2,Giant inflatable beer pong game for pools. Includes floating table and cups. Perfect for pool parties. Durable vinyl construction. Adult party game. Easy to inflate and store.,6' x 3' table,3 kg,,Screenshot2025-07-03111509.png (https://v5.airtableusercontent.com/v3/u/43/43/1752163200000/So5pjtWURYQQwBDD4_Vktg/fNdgCu8hPG31u70QSS_KT8FqWHzL1uoj4Pecp1cYogDRuAIFa1QtlxM3iuYATaI9Gu-i0iqICMbmUtAfkSLI0Q7CSvuLHhSOnO5sTTyrQ0FTIQVOJL5QD1fyYKdHthAEHO1cEeNxRiTFBikhwZ9SzQ/ymK24VSm6p16-U6sdBBshoUlNmFgOK0wf-dqfdmdfTs),s-l1600.webp (https://v5.airtableusercontent.com/v3/u/43/43/1752163200000/KZDBN1AoGcXdafEZMuZuNg/OP-Gnu8GmNb6Vgh7Xl0mU27jEtbHIWwnbxS3pXAy26xoHxDX9UdiELc0-xfyOwI_av6FGxnE4bCnx8HbnvRFwqPnlcROoddh1GN6WIp5ouK3mK7cejIDB-WaVqTcgyPEcEFD32A1782taRHtGKHDjw/ZOo2PscJt0ogoLSDjd6ik7MrO2QkP5mw65Mv9jR7by4),ebay.ca,,Sealed,,,New,Blue/Red,,others,,,,,Pay4more,Samar,6/27/2025 3:24pm,Samar,7/9/2025 8:44pm,,Physical Goods,,,30,$99.98,,,,,checked,,,,"Giant Pool Party Pong, New. | Generic",Generic,"pool game,beer pong,party game,inflatable game","Shop Giant Pool Party Pong, New. at Pay4more. Giant inflatable beer pong game for pools. Includes floating table and cups. Perfect for pool parties. Durable ...","Giant Pool Party Pong, New. | Generic","giant, party, for, pool, and",giant-pool-party-pong-new,"Giant Pool Party Pong, New. - Generic",,,,,,Giant Pool Party Beer Pong Game - Inflatable Set,,Ready for Upload
NEW Sun Squad Pineapple Light Up Inflatable Beach Ball Motion Activated LED,https://www.ebay.ie/itm/126900835885?_skw=inflatable+pineapple&itmmeta=01JY528DCHJPRVXEDSFQ2JZRAB&hash=item1d8be1162d:g:vjkAAOSwXolnk-0H&itmprp=enc%3AAQAKAAAA8FkggFvd1GGDu0w3yXCmi1e%2BevDX4RrsDkSns6lNbO2OX%2FnpmxO1hLCBWcIIorzIFC5qNJhWuSmIhvOKSnyvYlLqt5%2FR98UuveTfr4XiTfTwFbZNdEfVwvPTwsG43FsY3QEEakWS9LrUY%2FQ%2BDeGQELV02s%2BJfbGoD6dRZtK%2FhUZRLBiqmPu9BUE%2BUMDVVBE1p9NdstrMrcznvTVwCDObkpu7aj2yPcRKnuq9txAYOuz%2F3ZX9Uyctj%2B7RV0%2F8VCeLaZC519gBetMEQfnhI%2B4JVf7221CH3nL6wH%2Bd1dxMH%2BRFNriP7MYIuleJGb8UXNqvig%3D%3D%7Ctkp%3ABk9SR7rWoaLxZQ,P00329,2-B,Pool Floats & Recreation,Pool Floats & Recreation,Pool Care & Maintenance,,Done,$19.99,,,1,Inflatable pineapple beach ball with LED lights. Motion-activated lighting effects. Perfect for night swimming. Durable vinyl construction. Battery included. Fun tropical design.,"16"" diameter",0.3 kg,,"Screenshot2025-07-03110715.png (https://v5.airtableusercontent.com/v3/u/43/43/1752163200000/K36zqcERnHEc-HNdPOn8CQ/lCYgSd7p1x4HDdyxTHvtJzeEH96qxP6D6ZqznNfJoSn2V1jlH1eS6Gn-6muDeG3-e36aiwj21Qw2KzWJaTgUOAPhDmrV881lGeOht21Eq05Kv_Q44C2O-iKNOy7efks4ciVMvwbGTZER45ov4-vmhQ/FqUoUoAs2lvyn9WWsHmckaugyRymWAdQvt8r74YScr0),Screenshot2025-07-03110731.png (https://v5.airtableusercontent.com/v3/u/43/43/1752163200000/He0KjgcqOmThP0etulJg9A/S1DyxWj4nPboN8krKcEMFol2Pq4yqUm1f8PWrkknH3M4skYu7bMjHdpem63Nqnxxp_ox6oBu-tRIigEBH3Zak32mtZ5Og2hsLXCZAtabPOecTqKTHtdaRXsNH_MVtmsCLHGN4Wo89epM8posQFA3Ow/t8VRtC38wixHceiSZjhXMt2Ty9Q1Lj65KJozUu3YCBs)","Screenshot 2025-07-03 123129.png (https://v5.airtableusercontent.com/v3/u/43/43/1752163200000/o9VI5Z57whSarkIg-y5jfw/WZexccOP_EpblGHAhMVcnHGrBSNfke7COtlDpZAL5eCuUpJXzljnWwbNDs8tw7RK2P_uipXuxSNLyzSAwIoxw82LunqHEVkGddJ76M7zI1to7s47WkiylxHKGfVkblkc81icYCp8A73P8CGKihkHMWbgkceNC06E371uUdKjjIkjSWk3UAb6atlWpsC7GAGr/O4qHrffCVdUslWRKubjBgoKwoNUS9v2LNggu1eZsc3U),Screenshot 2025-07-03 123056.png (https://v5.airtableusercontent.com/v3/u/43/43/1752163200000/_iQg4_WnmfOwe9WP8YRmRQ/F60gyobExdNRnw03g6ey2MwZq1fs8ciAG3gOOeVtszUh1ndXCFwwnrejU8EulGS6flwHkLsXyliLVgjQ9f5UrnqOBv5Pbck7fyGr3XAKDXyrB0VZZWnlaTHWM8Gj5A5rnf8bR1ityeHkIWKFKUM3uVizicrvBfTkgxpmUn-T17lalJU0ajyKyHYfmfm_tiyl/jnJr8gD9Y6QrU_ej3UHILARXvgGlj46kNbcJGLPp0K0)",ebay.ie,,Sealed,,,New,Yellow/Green,,others,,,,,Pay4more,Samar,6/27/2025 3:24pm,Samar,7/9/2025 8:44pm,,Physical Goods,,,12,$19.99,,,,,checked,,,,NEW Sun Squad Pineapple Light Up Inflatable Beach Ball Mo...,Sun Squad,"beach ball,LED toy,inflatable ball,light-up toy",Shop NEW Sun Squad Pineapple Light Up Inflatable Beach Ball Motion Activated LED at Pay4more. Inflatable pineapple beach ball with LED lights. Motion-activat...,NEW Sun Squad Pineapple Light Up Inflatable Beach Ball Mo...,"ball, pineapple, inflatable, beach, led",new-sun-squad-pineapple-light-up-inflatable-beach-ball-motion-activated-led,NEW Sun Squad Pineapple Light Up Inflatable Beach Ball Motion Activated LED - Sun Squad,,,,,,Sun Squad LED Pineapple Beach Ball - Motion Activated,,Ready for Upload
Giant Inflatable Unicorn Swimming Pool Float Sun Squad 6' Long BRAND NEW,https://www.ebay.com/itm/404925288399,P00330,2-B,Pool Floats & Recreation,Pool Floats & Recreation,Pool Care & Maintenance,,Done,$39.99,,,1,Magical 6-foot giant unicorn pool float. Premium vinyl construction. Multiple air chambers for safety. Vibrant colors and glitter accents. Handles for secure riding. Instagram-worthy design.,6' x 4' x 4',2 kg,,"Screenshot2025-07-03111720.png (https://v5.airtableusercontent.com/v3/u/43/43/1752163200000/zrdxE6bDBugeXmktQXFbgg/L7EZD_rz4hagMtoYfyaKd2q5qy_aYlUIDXJv1Mbu6R5Fgcv1ocDmNmjFZj5jC2Au2JwutAyG1b6KoTh7Ymkr8nmFvTJcQVJ0MwOsjyWdgd8N7zW494gD7T8E6BaismjMyOiAjgvIb7QSbgjfilVQTg/VxSlrgB9l9sNzK-IhyqbOTg9xG2KmvKskgF-c-FfaXM),Screenshot2025-07-03111725.png (https://v5.airtableusercontent.com/v3/u/43/43/1752163200000/h8hyfs9BbgKlGjC4jPwGjw/kdVB--9gp50X7XBB453PQyA_p2Q7-xUMSxYW1-4dzRgbT1RoFp6gH3bZSxNPeV4R5aArNWTSLpivuDWSxhzn-ofkhLk77LWE1tyyEOtToSC1D7kQHjUSBnCVsB6fEceOKMbDeDOZiRuhovHz_QYJUQ/CwbwcMtoLh9ZAJZDYsRF27FWiwrMrYETes2kMPabbdM),Screenshot2025-07-03111727.png (https://v5.airtableusercontent.com/v3/u/43/43/1752163200000/Ru-9NRWUEDQOJHwIUyLobg/oL6bRf3OXBLvgZOkKBypsyctvuz7zew01fQHMNusoa9bnZThHpilKiDRscSNZ5k5kdLAHaixXYR6HSYp9egB-ZesVOU1_mwo9TAGnRMhu2eDetas09ceg3cgAylUGxjJXTW1tEaHVY5QsVzrVoSu2w/ZhtsZhtRg0_L8zn7InR8hvumQh82D5Ktma87cpkH6tU)",,ebay.com,,Sealed,,,New,Pink/White/Rainbow,,others,,,,,Pay4more,Samar,6/27/2025 3:24pm,Samar,7/9/2025 8:44pm,,Physical Goods,,,24,$39.99,,,,,checked,,,,Giant Inflatable Unicorn Swimming Pool Float Sun Squad 6'...,Sun Squad,"pool float,unicorn float,giant inflatable,summer toy",Shop Giant Inflatable Unicorn Swimming Pool Float Sun Squad 6' Long BRAND NEW at Pay4more. Magical 6-foot giant unicorn pool float. Premium vinyl constructio...,Giant Inflatable Unicorn Swimming Pool Float Sun Squad 6'...,"giant, unicorn, pool, for, and",giant-inflatable-unicorn-swimming-pool-float-sun-squad-6-long-brand-new,Giant Inflatable Unicorn Swimming Pool Float Sun Squad 6' Long BRAND NEW - Sun Squad,,,,,,Sun Squad Giant Unicorn Pool Float - 6 Feet Long,,Ready for Upload
Luxy Float Large Inflatable Pineapple Pool Float for Adults,https://a.co/d/62Y6Had,P00331,2-B,Pool Floats & Recreation,Pool Floats & Recreation,Pool Care & Maintenance,,Done,$44.99,,,1,Premium large pineapple pool float for adults. Thick vinyl for durability. Realistic pineapple design. Comfortable lounging surface. Quick inflate valves. Photo-perfect tropical style.,6' x 3' x 1',2.5 kg,,"846f4e1b (https://v5.airtableusercontent.com/v3/u/43/43/1752163200000/B1cBoDK2lExgRoRuy3WHLQ/PJ46GdovP2o5T_XKFfQ9DG1a12UoZWjcWtSJpkGYsMmJhIfLSeM7kIhlBs-9_1qLUOGU3JNBMsZn9mom5-U8sdFsQIiNunkRPOlPBqOrwT0UKfCK5yuzzUHVQ1BKiPHYMjeY93x4sOd8ntg0XVIA-w/VCjpv1GRKidR5ng6BnXWu41W8v2QCp-l6tPhXjHTHkU),63ad6b37 (https://v5.airtableusercontent.com/v3/u/43/43/1752163200000/5JiT2204jyJEDLXdq0xkPQ/1DWIJPpsOpZTFMqNEs2-uuArPffYDyPZOOP1tItnD9J8EMmLSh06U23IHA0USmJJ6ymDS0pPAktVjm8tHk-rs570NuTQFDZ-PrqTvLv2D5ox3F0eTTADYjdNOIaNeZmcpl-0vqGlJTgSNWIJS4-fmA/UndDlGdgVoxnC8xXB7CsIPJJJ-lC2V1cEo2hxw1mGSA),a002e684 (https://v5.airtableusercontent.com/v3/u/43/43/1752163200000/1P7vIcesepVYCk3xpL2zyA/qt7Lz0RXhPrY6bvyAVdtXUHUg83tyuuWYZYL34BcN-aUZRCyEWqKPYY7Oe7W1jGlcIWwBsmria2kSfOx4HQTT1CREyYFXADgzV4MrE8RWfGyfKVDtYmrAaZoHTyDVb2QS_M2rpzatz4-zs4wu9ceVQ/x764dv9itZeXj-13XmJ4WeiRisM2JmSQFEcO3OKdg70),5ac5c0d4 (https://v5.airtableusercontent.com/v3/u/43/43/1752163200000/EfVdjzsvAPP61dJcS8fgfQ/4jh6BwhGm7z8k--ZsicCLqjKZr22RKdQ3fIHZBwGmyrTDQd8_7oXuVfjwJPN7KjdM1GRRMK0TI3aNgyWg4mjHR5V9JM8EBucE2HHYL51cAATLLku3Q6Opf0w3NwGe-pd4bhkFgbfmE5lURjfh0UdjQ/_JTXrL9y4d1aZ6068hdKIvfv4m48Trn6XlVFlU6hpJE),8d482d24 (https://v5.airtableusercontent.com/v3/u/43/43/1752163200000/DEwS6DVWNtGxSDAJoqhDyQ/a_E7tF5opqlHkxCy8iE1ga4Ci46XQQ_B2J2EX8pnfm9DaVLW4BKw3z0RfDxIIkq3XBs_W3Sqi1jTYkqLjYyYSYOSbtJ-12NAs2JFSIj0LGiZhqWb2H1yWSzakjVBfp35qNAgEE3dECWgHWn5x1rH2A/RCGAcL0_nWnAZKgwasUb--EaKp-CIaukKdzyA9-zXR8)","71JgKsV1FEL._AC_SY879_.jpg (https://v5.airtableusercontent.com/v3/u/43/43/1752163200000/81vbeeWRLitV2VWSqwhMPw/J9DogV6zUQ0A_13wIpnc5cULsIy5aGpOLiRclPxDYlynMGzhcydRbHbaQIgjhz9dgL9kSduhVIpmFDNxKzBtrpaEPmE-YGTQ3a0wNX2ZGLnFrZ24Qhd70Bv2axmegzuj8CN6LohsfZA-G1lDm1KmUQ/tL236gDnTTHGrX74Y9jDaSyGSO66j6lwdgDME0LBfQo),51RcgYBxXdL._AC_SL1500_.jpg (https://v5.airtableusercontent.com/v3/u/43/43/1752163200000/0Ob8KwudoU90OYNs2PvbDg/xroE5f_uhvlrbGDoDWHp9oFrs7cH4wmRxauAu14qpG8P_AtbtkGfjFAqNaJQye6NYWFQc7954teXGD6Sz7zU4znb1heGkW_TqjAH9ZQw7mgbgUnEDEf_4Fa4R6UV8pgJadR3rfqvBmSetErKy0XCPw/FYzIdqMgHCr2CCY4Ntnlzz_1Fpro03smjAn8ZMbw-Fs),41Cna4IpaSL._AC_SL1500_.jpg (https://v5.airtableusercontent.com/v3/u/43/43/1752163200000/yiZZUeEP3HSe9KjJOhop7g/0y2Jsmr5-eJs7zsl0BXwyNtIb2U_2-Dz770wb1lgWU2cjcH9h9JSCYBIuRdiM1SaFD2h5w_tpVYRBf5GE-tOxiepcQ9YqixH-5Tc_7zeaMocjD_IPJlx4ttc3LvBa0oq2_4AZW2RwrHVzQ57av44uA/rDDNGbWw144Mwa4zf4enRML3qgdpNR4ytaubWpKiZSA),51-JMg3bQOL._AC_SL1500_.jpg (https://v5.airtableusercontent.com/v3/u/43/43/1752163200000/5wR6AMuT2FKpwI2xWYa1OA/FEUlumTFboY-XrRFz0ShsphvDxo6beDM01dMy4QgWqemvDLJpMJEEQ-P3isTadoerJ2zaZLARcHHQrlpLyja10--qzjOrNttaXbOK5Q7uMel4p2f-NQkGrUJ6sgfGtB6kivSAnHEstqtlZuJGjzdFw/bZwggBKu45BHIJfksxIiSWd2MZsLQzbC9NIHcCqXDhQ),61z9r7IDjrL._AC_SL1500_.jpg (https://v5.airtableusercontent.com/v3/u/43/43/1752163200000/P-5coD3kXW5iSfUBc0-MZQ/SB1Gk0hpp-s8_DrqL0qeue_J06U2fwucbWz8BOLkgUbGtY5B0f6zuDg75Y6rJpe252BhxX_fPG1U2QU5AL7RCXWAZYVkKO2Eui8mA2aZcep8WSBiTkfq79ei4u4OcjBPMLeklZn2lA98Ed5cYP3TgA/Ict--Mh5dcwjVbbYOm2Qgt20LnBGzG5dMmWavNMxUgw)",amazon.com,,Sealed,,,New,Yellow/Green,,others,,,,,Pay4more,Samar,6/27/2025 3:24pm,Samar,7/9/2025 8:44pm,,Physical Goods,,,27,$44.99,,,,,checked,,,,Luxy Float Large Inflatable Pineapple Pool Float for Adul...,Luxy Float,"pool float,pineapple float,adult float,luxury float",Shop Luxy Float Large Inflatable Pineapple Pool Float for Adults at Pay4more. Premium large pineapple pool float for adults. Thick vinyl for durability. Real...,Luxy Float Large Inflatable Pineapple Pool Float for Adul...,"pineapple, for, float, large, pool",luxy-float-large-inflatable-pineapple-pool-float-for-adults,Luxy Float Large Inflatable Pineapple Pool Float for Adults - Luxy Float,,,,,,Luxy Float Large Pineapple Pool Float - Adult Size,,Ready for Upload
Sun Squad Inflatable Lounge Chair,https://www.ebay.com/itm/204962429087,P00332,2-B,Pool Floats & Recreation,Pool Floats & Recreation,Pool Care & Maintenance,,Done,$29.99,,,1,Comfortable inflatable lounge chair for pool. Built-in cup holder. Mesh bottom keeps you cool. Backrest and armrests. Heavy-duty vinyl. Perfect for relaxing in water.,5' x 3' x 2',1.8 kg,,Screenshot2025-07-03111633.png (https://v5.airtableusercontent.com/v3/u/43/43/1752163200000/VUQKFD4S9-5huZZnT63HZQ/aiLDzB8GiTGtp0Ioc2bQsmAcItvEvSnum7zvHAWUFwW3lip-yk-4S4Q2nYihmU-JIukZ-ITRClrqkY5aodTsmiYAiag8xFmcvSXoeIAz1kCWUi16-h0OhJeYnvsLhA3E-2Hi-Dqp_ICaLYggDGQdjw/Hqxdjj2q91h9OIxj973rUxNoaDT_bSr6UNBOuSS2ev8),s-l1600.webp (https://v5.airtableusercontent.com/v3/u/43/43/1752163200000/fvUgsdCUyq6F4WkV-tsL8g/-kmK05MK0fEny56YEosc2z0fQLOnPD3lWA1ztI2Fu-HUDR5yITYq_1-iciuryGDb0iJPaJW5V1Lixa51qngZlerYjsZ3VLtUMVrIomJ8LEqVKPmY5rl5SIJeD7WsIAH_lVD9wK8grWF_7NRf_-fyqQ/SeZ-cEkif2jgeEehWqGmsYwkKIy4bVT-eSJMc626GfY),ebay.com,,Sealed,,,New,Blue/White,,others,,,,,Pay4more,Samar,6/27/2025 3:24pm,Samar,7/9/2025 8:44pm,,Physical Goods,,,18,$29.99,,,,,checked,,,,Sun Squad Inflatable Lounge Chair | Sun Squad,Sun Squad,"pool chair,lounge float,inflatable chair,pool lounger",Shop Sun Squad Inflatable Lounge Chair at Pay4more. Comfortable inflatable lounge chair for pool. Built-in cup holder. Mesh bottom keeps you cool. Backrest a...,Sun Squad Inflatable Lounge Chair | Sun Squad,"inflatable, lounge, chair, for, sun",sun-squad-inflatable-lounge-chair,Sun Squad Inflatable Lounge Chair - Sun Squad,,,,,,Sun Squad Inflatable Pool Lounge Chair - Comfort Float,,Ready for Upload
Open box Inflatable Chaise Lounger  - Sun Squad Cup Holder Floating,https://www.ebay.com/itm/135771290242?_trkparms=amclksrc%3DITM%26aid%3D1110018%26algo%3DHOMESPLICE.COMPLISTINGS%26ao%3D1%26asc%3D288273%2C286059%26meid%3D7baaf1e38ec944b9a712288b0470399a%26pid%3D101196%26rk%3D4%26rkt%3D12%26sd%3D285898446350%26itm%3D135771290242%26pmt%3D1%26noa%3D0%26pg%3D2332490%26algv%3DCompVIDesktopATF2V6ReplaceKnnV4WithVectorDbNsOptHotPlRecall&_trksid=p2332490.c101196.m2219&itmprp=cksum%3A1357712902427baaf1e38ec944b9a712288b0470399a%7Cenc%3AAQAKAAABILgtLPsIDyOlK9%252Be8kjAsUURj4VBY1igy96vvNET9itpl3hF609JhQhCcnA33oSuVDFkWgW3PitgfhoQVULyYOWX5rQia%252BHziAqzAZBjjjx90P0Rjn07%252F1jyaZ0OS4FWMzlx%252FFAxE%252B8Mqq7hBiSjO9WRZH8xLqp9nD6nGl3tx7o%252BK2LaftEvQIZOQY24%252F70Gm71XpikRvg%252BNAIp%252Bela76kEysLfrlPpULi5HF9V4pH6%252BnfYRD9om1Gjhmk9ADJKjAw%252Ba16%252BFJX%252B8HLauEI4rD7LcCz1rxEZU6%252BLRcO3GTUDvp73fQzzI0wl31XyKpJQy1tNUIJd6q9%252BaAW9ybf1olOIRZyxyg3Xk3gfjiFSoYTNqQfTvMyFX37qhQzsqIhvS1g%253D%253D%7Campid%3APL_CLK%7Cclp%3A2332490&itmmeta=01JY4YVDWYARHS4282ARZ6E52M,P00333,2-B,Pool Floats & Recreation,Pool Floats & Recreation,Pool Care & Maintenance,,Done,$24.99,,,1,Inflatable chaise lounger with built-in cup holder. Mesh window for cooling. Comfortable headrest. Durable construction. Perfect for all-day pool lounging. Open box special pricing.,5.5' x 2.5' x 1.5',1.6 kg,,"Screenshot2025-07-03111902.png (https://v5.airtableusercontent.com/v3/u/43/43/1752163200000/K0_bWjeX3BernQdUGciDpQ/cXh-CMtJamytYeTQBkysgh-JBt9G_CRPmVEfMfSOQ74l67cxe6RA17eUEcOyfvquyfWL0wE-DlCPIxSi-t9sfUvPAntOcUnYZCRDp99Nn12Fm-YpA7IlWMjZ-dIwSgPC6vFIstYwl4vgA9zlpXemPA/BOHGgzQ-QkHROJ0Pe07Skj5ruIm-c9-xz_hfW4nrNEY),Screenshot2025-07-03111908.png (https://v5.airtableusercontent.com/v3/u/43/43/1752163200000/OI0KWoNFWaiuhCtM8kQopA/80-qvpv2HEeXU1TknGyVuTmczjHKW87-HY9oO8GUcmj7H5Njs_fGNVEJABkUB9Ape_DuWMRSuEap47bIaMlPLAj5DDESjtfMPcCbUdJGaDFm6Sh4pwiWL9m-eABaqeWfqOFo9LC8s0Fg765qxaVrfQ/-xqeL9snb42WXEpmZaWsrHxCY4qvsu41be326kk4nPA),Screenshot2025-07-03111916.png (https://v5.airtableusercontent.com/v3/u/43/43/1752163200000/wLBWHASEs8NNtOAwZKsDNA/rTI0L7DJF9WsdFA0I6mQJJzPxQiAveqGiDRj8yx2FVd19ikJ4227_nVYmm6au-UU5zLIAoKM_0KzgJFtiRSpmYqFEOAh02wr7gO7n7gBIGFGuigdeWk7qU-9zLU1tKDbIIEP4XCxV9_bTCuGDYEa5w/oOafYW-UUj4zyh0_853lE_5Ys8jJBXp8GgWkNUsr07s)",s-l1600.webp (https://v5.airtableusercontent.com/v3/u/43/43/1752163200000/xGPG1mVHUIOWnfbSZ-Ba_w/z_MmXlvk6IXbrYx8t_9zlFGzlgucDWnvZiYK6lG_4iRQGI3H3iCVKW00XBCp-_NUO70yswwAqSawmmkaEO01yCjokTDltNjtOKTglzqSeMJtryRssmT3D5D-0Xvdoo-sV8g6LQKY4Loe3-Z1HzIDTw/w-OR3cAQ7Pe23I0qJEtVIfq0A2s9ePMd8wTQzgj56vQ),ebay.com,,Sealed,,,New,Teal/White,,others,,,,,Pay4more,Samar,6/27/2025 3:24pm,Samar,7/9/2025 8:44pm,,Physical Goods,,,15,$24.99,,,,,checked,,,,Open box Inflatable Chaise Lounger  - Sun Squad Cup Holde...,Sun Squad,"pool lounger,chaise float,inflatable lounger,floating chair",Shop Open box Inflatable Chaise Lounger  - Sun Squad Cup Holder Floating at Pay4more. Inflatable chaise lounger with built-in cup holder. Mesh window for coo...,Open box Inflatable Chaise Lounger  - Sun Squad Cup Holde...,"open, inflatable, chaise, lounger, box",open-box-inflatable-chaise-lounger---sun-squad-cup-holder-floating,Open box Inflatable Chaise Lounger  - Sun Squad Cup Holder Floating - Sun Squad,,,,,,Sun Squad Inflatable Chaise Lounger with Cup Holder,,Ready for Upload
Kids' Cheetah Pool Float Orange - Sun Squad™,https://brandclub.com/Kids-Cheetah-Pool-Float-Orange-Sun-Sq/p/6R6Y2YWVG/product?titleInclude%5B%5D=cheetah,P00334,2-B,Pool Floats & Recreation,Pool Floats & Recreation,Pool Care & Maintenance,,Done,$19.99,,,3,Fun cheetah-print pool float for kids. Bright orange with spots design. Safety handles included. Perfect size for children. Durable vinyl construction. Wild swimming adventures.,4' x 2' x 1',1 kg,,"1db04134 (https://v5.airtableusercontent.com/v3/u/43/43/1752163200000/NpWnWJCiErRmQZTsbnfhhA/VdFsJ3Pzc3bR1ARtFFOORr7w3iEoWpDe7AYt5madZ6inMFilcJdv52S4eedoXcL_WvExE_8_8rJjJ97Yy0wsU0NbxSnic3byY10byt3oJFHswOFfg6z7VsVOktzq0u0VGMOWb43hYh5pcgBlthBYbQ/mE3oY4mztAplzPcWnUh_BqZIDonYQZkTnqJ0oZK4yHg),cheetah1.jpg (https://v5.airtableusercontent.com/v3/u/43/43/1752163200000/pV8MKo0w-wWYo9mWvRXPEw/XjEiqaFWxO0qVoHkejVZvaezp57F8nO5V_te3rhV8N06evAm_SE-7YpHIhVl1kVonS4dukA-882sBP8n2v7r8tQP4ThWI4dLB1iUoSGCYF91GY6vlnSn5MUWeur0kGe1BdP-ga8dBf8fDA9b_mmi7A/wnAKr9NkS4FnICUpL-0PnjV4Qw12TPDKYDMSdkyEMMc),cheetah2.jpg (https://v5.airtableusercontent.com/v3/u/43/43/1752163200000/7atj6QlJ9wiFPzSea7IidA/82zXC5EtpbJE1pZQOd98jicNVudkyMdof-wk8Dg0ql3-dFH7bYFE8SEnwexjCf5xJHXDMfNapY2gv3FFxfCJrTtZyxCzt1sCSY9D4RkvSJa6qXqdUc_XUwFcm6gSDO907JY0dzL_149kINJKvOIvOg/RoQ4epXoSoDxXAjJ9vcKnX6DImSEJxfo92e6WeupN_E),cheetah3.jpg (https://v5.airtableusercontent.com/v3/u/43/43/1752163200000/dx7It00ZLyKbBYe4PI0ijg/is0qY-lwShhBl1cNP8vnWHtGbo6A9WNHBZa3nwZItkwL5KG9k-0GhvQDkyBdVmt4o1Nw1OkH1OBWXgrGXL3jz9Y4kLfecoenvuiznpM_L5kF1Y3ENan9Ow1_9FYdq2VNeM228wVoXOB33ja9XRO5Vg/UzACVHQtZQLoD2ulCz42syQV9YHyoy-yOZJpAhZ1tE0)","GUEST_c298a283-bf63-4cab-8ae9-22745dedd9e8 (https://v5.airtableusercontent.com/v3/u/43/43/1752163200000/JVMUo0wIRMKBpwsnHWjhqA/P0db806mmcq_Acmw3UiITMfHUdqddd-SdM5-Wu3Yx9AXiIuFmBJGswamk0J7Hfc7YUJzqD0zFwpBJrHADNAiMYbQMDzRSeON5QxCNoWePTy6mn4WOBwonmmZrAZ-NNB471U66gJPXTM2C1k9DI_2bQ/OAyexKMa_eQAuhlT7cyIvnxnIu0eJLzWbNJ7p9oxDUI),cheetah1.jpg (https://v5.airtableusercontent.com/v3/u/43/43/1752163200000/bjkQCL0TSGQBu5Y1PCwqEg/gvB7R6o_P1PhSGrtBB-v_Gpnaw0Pf_s-8OhuUXpAU_ZL8zLY00QUi10bflVPSN02I1HcCk3iI2Fn2dIWJsvIzrQuKvSqw-Gx9bkreyax6Lu5Xl9mPP4RBYGRob8l5TF2T_WmLU4evOyFsrhgMIwS2hPTJ_iMYvU4M64w2Wv4Hss/6lZkB0LIc02mgDpuLEY-SEUj0_nwPp1S8tBTsGXY96g),cheetah2.jpg (https://v5.airtableusercontent.com/v3/u/43/43/1752163200000/dGEyxGekavegiZZp6fnUjg/XXoRp6XyCiq_g4x5gZ-Z-j0RP1MRYITmflpHSJrWUjBG7k3btMzeTQ4e3a5q2QvM7pRmtmiEyF5JiDnm7RJLawBLE01OfnAd3wVqNejR24c00MzqkNDGvw2xZ1Sk6dL9Vw_qZ1lrbtvccfeYdYZyue8tSNgZ9ugEl_HztOXcF_c/lSu6XrHYBgqNjn5wE1bWXwzYD_397n8Rr_DIPu9FXm4),cheetah3.jpg (https://v5.airtableusercontent.com/v3/u/43/43/1752163200000/1Zbh4Y4yjS0SlRSfOqUXKw/BqiOEqp3VufKrTdhieBbf2vx3MoerGWP7cb2sm0DXbvpDdLHkarbVsSorbfXrgJRvdjw-hgWOFZwe7zBoGXYIJD75UpuouXfpZ25joLwVf92NlmpMNLIbX4b9s8fW3zB32C8hNSU1qwO_Uni2uEIM4OQL4dp8TiO3BM94nf2ajk/S6VjEM0NEL_44kcJyv-BM_1egA-lk2R6gnNXzlMz9V4)",brandclub.com,,Sealed,,,New,Orange/Black,,others,,,,,Pay4more,Samar,6/27/2025 3:24pm,Samar,7/9/2025 8:44pm,,Physical Goods,,,12,$59.97,,,,,checked,,,,Kids' Cheetah Pool Float Orange - Sun Squad™ | Sun Squad,Sun Squad,"kids pool float,cheetah float,animal float,pool toy",Shop Kids' Cheetah Pool Float Orange - Sun Squad™ at Pay4more. Fun cheetah-print pool float for kids. Bright orange with spots design. Safety handles include...,Kids' Cheetah Pool Float Orange - Sun Squad™ | Sun Squad,"pool, float, orange, for, kids'",kids-cheetah-pool-float-orange---sun-squad,Kids' Cheetah Pool Float Orange - Sun Squad™ - Sun Squad,,,,,,Sun Squad Kids Cheetah Pool Float - Orange Safari Fun,,Ready for Upload
"Sun Squad Inflatable Bungalow Swim Tube Yellow White Pool Float 42"" Ages 9+",https://www.ebay.com/itm/388377650323?_skw=sun+squad+inflatable&itmmeta=01JY4Y7MGGTYKQDNTG4QW2J3Q7&hash=item5a6d1ca493:g:IDsAAeSwfUdoGmU-&itmprp=enc%3AAQAKAAAA0IUNi59bckQcV2ImusJGAkGQn14MjZ4aSKLiLN%2FpZnN43OIETxFChXSactha4cBQ9hFYBRUFtacK7puL7oUWyW4G9ydfLwfmQNDvw33xMbu6EUuDlCCLxeatccByfn8osyCUCET%2FLjQW%2FUnAIjVuTdc9g0BrDU7490Z0m0FKH016RS%2Fgkwvq1nszBZDd0zhGWYec0iFBEj%2FIySAO9%2FBQ19X9swDRGDXvxBdYyNul0P5YyHMZQ4MgOZGS0FXFoG6uaeknL1A08D4Cw5Om07uW4v0%3D%7Ctkp%3ABk9SR7rInp7xZQ,P00335,2-B,Pool Floats & Recreation,Pool Floats & Recreation,Pool Care & Maintenance,,Done,$16.99,,,1,Retro bungalow-style swim tube. Yellow and white striped design. 42-inch diameter perfect for ages 9+. Durable vinyl construction. Classic pool float style. Summer fun essential.,"42"" diameter",0.8 kg,,"Screenshot2025-07-03111214.png (https://v5.airtableusercontent.com/v3/u/43/43/1752163200000/YshwD9imEN-_EHtT7Hu1Sw/4uC0S0MiknRNLWmdZiG2bey_9o9WomhebARiuc_6SxFfeXQCQutYKkeVPNNLkaKb22edGilj7CW3R0E--mZw8diRu69AS7rAW-3Kp5W8b0e4u-dKIxbq0zrTcx9E2TjIFnJGo4rcZTaFpiaDDIuD7Q/Ao_bHOO_EVx90OOCkWscKhZzxUpRfX9mMFQ1MhBZ3pM),Screenshot2025-07-03111220.png (https://v5.airtableusercontent.com/v3/u/43/43/1752163200000/4QouMB9EhVVZEDWhpIN3LQ/bf00X5CVgSTCQQE7AKnZip2-kLgjmQ9B9iXQkccKQpiR0vopCzA3h6UlZDxKk6kqbhA2kKv7FdbOYmSxDJKsYlAEYSDTPjZMYpckm0YSWXHBpuSgYCGKNdEN56sFmBglALeGsS3qGoAK6j-HLAOe7w/TXhpTz5lNgaFchgePBzCDgd-DYQUig32qwy2kyq_aBc)",s-l1600.webp (https://v5.airtableusercontent.com/v3/u/43/43/1752163200000/lRdTDmSAI8D28san8KXETw/EivYxcV5-mrQYOhi3e4cHtsgBIQ723_CJpkZG1KO_8c7M4sr9de3H9naHZq4ak13K70ulE72DTqAINdiAZiJWNZ37IixruoCNAMkfy54vAIRG_b6eyOXs6IbFySKXOQEs3kndd7tOBJXm8kgz5VyNQ/QezGmce9kZ6Q-YgMIOQ1jKtPXN69TVjfGhqwV3D3f-U),ebay.com,,Sealed,,,New,Yellow/White,,others,,,,,Pay4more,Samar,6/27/2025 3:24pm,Samar,7/9/2025 8:44pm,,Physical Goods,,,10,$16.99,,,,,checked,,,,Sun Squad Inflatable Bungalow Swim Tube Yellow White Pool...,Sun Squad,"swim tube,pool tube,inflatable ring,pool float","Shop Sun Squad Inflatable Bungalow Swim Tube Yellow White Pool Float 42"" Ages 9+ at Pay4more. Retro bungalow-style swim tube. Yellow and white striped design...",Sun Squad Inflatable Bungalow Swim Tube Yellow White Pool...,"float, swim, yellow, white, pool",sun-squad-inflatable-bungalow-swim-tube-yellow-white-pool-float-42-ages-9,"Sun Squad Inflatable Bungalow Swim Tube Yellow White Pool Float 42"" Ages 9+ - Sun Squad",,,,,,"Sun Squad Bungalow Swim Tube - 42"" Yellow & White",,Ready for Upload
Sun Squad Inflatable Giant Pineapple,https://www.ebay.com/itm/235907208925,P00336,2-B,Pool Floats & Recreation,Pool Floats & Recreation,Pool Care & Maintenance,,Done,$34.99,,,4,Giant inflatable pineapple pool float. Realistic tropical design. Room for 1-2 people. Heavy-duty vinyl material. Quick inflate valves. Perfect Instagram photo prop.,5.5' x 3' x 1',2.2 kg,,Screenshot2025-07-03111348.png (https://v5.airtableusercontent.com/v3/u/43/43/1752163200000/LFxuF6PGjN1kAZ1s9Z0f_g/YveTcxEIKPUkHqU6F0Re9K-wPwwW4I6-JKyF_zznX4ho6D3pyJ7cTEVkA1cyUwjMhkQwEvcWgQmX-ZGvJPl_p8JR2WTnsVlGJL3ikOvagYSrOZSPKjNHUijWuyo79Lwf6Ym8fGCaLv3eh1_5N3QbOA/PIGasLOCf1fmp8JfvLPGMBXW683xNGxArsRgjziqH5g),s-l1600.webp (https://v5.airtableusercontent.com/v3/u/43/43/1752163200000/bUn2txtfwaCDIWyeDynSdw/pORbZH0W1Rg3Nq2hAs1PPE88R8XDrnZloCwa47DqLvZ7MVD7fLeRtNYwsXMjW79FJ96zrBajLbuPyMbYHh3Pf7THUDn7NobfB6NWUZSWcbICFer3OJZNvM82rkugP30iNjjoGeX_yn044PaZqxwfqQ/z5m_jv2s5n89C2oHIPRmx2lpaQY7bD5G6ipSvoDPevo),ebay.com,,Sealed,,,New,Yellow/Green/Brown,,others,,,,,Pay4more,Samar,6/27/2025 3:24pm,Samar,7/9/2025 8:44pm,,Physical Goods,,,21,$139.96,,,,,checked,,,,Sun Squad Inflatable Giant Pineapple | Sun Squad,Sun Squad,"pineapple float,giant float,pool inflatable,tropical float",Shop Sun Squad Inflatable Giant Pineapple at Pay4more. Giant inflatable pineapple pool float. Realistic tropical design. Room for 1-2 people. Heavy-duty viny...,Sun Squad Inflatable Giant Pineapple | Sun Squad,"inflatable, giant, pineapple, sun, heavy-duty",sun-squad-inflatable-giant-pineapple,Sun Squad Inflatable Giant Pineapple - Sun Squad,,,,,,Sun Squad Giant Inflatable Pineapple Float - Tropical,,Ready for Upload
Sun Squad Inflatable Pool Float Flamingo 5ft 6in Long,https://www.ebay.com/itm/167327390736,P00338,2A-18 ,Pool Floats & Recreation,Pool Floats & Recreation,Pool Care & Maintenance,,Done,$32.99,,,1,Elegant 5ft 6in flamingo pool float. Vibrant pink color with details. Sturdy construction supports adults. Graceful neck design. Perfect for pool photos. Summer must-have.,"5'6"" x 4' x 3'",1.8 kg,,Screenshot2025-07-03112528.png (https://v5.airtableusercontent.com/v3/u/43/43/1752163200000/b2FqdWOIAhYDiWZRKld_hw/73v6G6Pp66g-9vvpcg4LcoIMYH9knrZWjN0pEAXzxRJPxEFHDyB5uZ4gnVa8s42wiG3MsHKGV_rlLbhY3ob99BBiN-MeqC3oOEh3sicBwDmawmcqwt98j0_UXNIJJGBos1PzXWykw0UPiurVzCniJA/ffvVz4xsBXgZhVGc3rhKLMRTp21mTxKWvIiBf6gaHDU),s-l1600.webp (https://v5.airtableusercontent.com/v3/u/43/43/1752163200000/e_MhyuDUhQfxlrUeYeuu_g/zbF0JzW5XiNShiAreY4dBqV4SkOX0XSNKpZTP9ma61wD0-TDO2I5ZptW81psYgbrhiqJ3vfi9yxxHUpr-2pxkYOUuH6ynIrWE8chfLihG40hXfLdxMY9wIZXio-1xnlJLRu7nJwjuGCnSLVS9vfH1w/mU2_PnDGam5SNXxpAKh9YQYYqqXfOqu2yDd1nAtsUKc),ebay.com,,Sealed,,,New,Pink,,others,,,,,Pay4more,Samar,6/27/2025 3:24pm,Samar,7/9/2025 8:44pm,,Physical Goods,,,20,$32.99,,,,,checked,,,,Sun Squad Inflatable Pool Float Flamingo 5ft 6in Long | S...,Sun Squad,"flamingo float,pool float,pink float,inflatable bird",Shop Sun Squad Inflatable Pool Float Flamingo 5ft 6in Long at Pay4more. Elegant 5ft 6in flamingo pool float. Vibrant pink color with details. Sturdy construc...,Sun Squad Inflatable Pool Float Flamingo 5ft 6in Long | S...,"pool, flamingo, 5ft, 6in, sun",sun-squad-inflatable-pool-float-flamingo-5ft-6in-long,Sun Squad Inflatable Pool Float Flamingo 5ft 6in Long - Sun Squad,,,,,,Sun Squad Flamingo Pool Float - 5ft 6in Pink Paradise,,Ready for Upload
New Sun Squad Inflatable Swim Tube With Handles 36 Inch Diameter,https://www.ebay.com/itm/186750643730,P00339,2-B,Pool Floats & Recreation,Pool Floats & Recreation,Pool Care & Maintenance,,Done,$14.99,,,1,36-inch swim tube with safety handles. Perfect for pool games and floating. Bright summer colors. Durable vinyl construction. Handles provide secure grip. All ages fun.,"36"" diameter",0.7 kg,,"Screenshot2025-07-03112704.png (https://v5.airtableusercontent.com/v3/u/43/43/1752163200000/hA22TX8vsndC8_T8yg63iQ/Bh83oQ7tMdws_5Fa7uq3KjW-sTFY-ovVHNK-FjyCddrQfWPGMTfBAhnVGS3bA_gpsmfOjYP7kMy26MpXODUNsflW8Epr0bJ69SPBP7wqE-YDcVZWHkBE-iwLeKYrrcEtvvNwpZeUUeBPsKJRabWsBg/WjD0LyoInirdxggf2aIOXwZZ0nNgXTbGO_fvMlXF0zI),Screenshot2025-07-03112711.png (https://v5.airtableusercontent.com/v3/u/43/43/1752163200000/DV6YKO6r0xq03JOhuVaI5g/lBE5zsdgDBE8WrHoLL1PV_aG-eaFujvg2qK0ZHnDhdVYAVY7eHwoG2cmCQmjd3bAnqszLfezj4z_F0K5_oTtzY_VytksFAI1bef4TZVWY-MtMPuUxC5fT7mx7WQrWK1kP6fIH9W6jmBIz0ifb6dt-A/ssC8JKjRCXO2dSsr9svYSggyv7rBzqRDsXzBj3Rc_HY),Screenshot2025-07-03112718.png (https://v5.airtableusercontent.com/v3/u/43/43/1752163200000/CSLZ1EqSPtV0IAD1WFxX-w/p6iAFJ7DWNkI_fJygBkexoa0FSVaVqa4eEqZvt30JAIdV4yAa90CRIA_oPBNdW5C8vBGr9muhCJlybnGiFYHQlhM_Ll353At3xYaEnevLlJ5E2l5nMEJv6Y9O8RNodg1rjl18RWaa9EaZQCA2UKNIw/nyub9rHytqIZhcSzVAqJIkwoiqAVjh1bDka9mJHR3Z4)",,ebay.com,,Sealed,,,New,Multi,,others,,,,,Pay4more,Samar,6/27/2025 3:24pm,Samar,7/9/2025 8:44pm,,Physical Goods,,,9,$14.99,,,,,checked,,,,New Sun Squad Inflatable Swim Tube With Handles 36 Inch D...,Sun Squad,"swim tube,pool ring,safety handles,inflatable tube",Shop New Sun Squad Inflatable Swim Tube With Handles 36 Inch Diameter  at Pay4more. 36-inch swim tube with safety handles. Perfect for pool games and floatin...,New Sun Squad Inflatable Swim Tube With Handles 36 Inch D...,"swim, tube, with, handles, new",new-sun-squad-inflatable-swim-tube-with-handles-36-inch-diameter-,New Sun Squad Inflatable Swim Tube With Handles 36 Inch Diameter  - Sun Squad,,,,,,"Sun Squad 36"" Swim Tube with Handles - Safety Float",,Ready for Upload
Sun Squad 36 Inch Diameter Palm Trees Swim Tube with Handles,https://www.ebay.com/itm/226382640946,P00340,2-B,Pool Floats & Recreation,Pool Floats & Recreation,Pool Care & Maintenance,,Done,$16.99,,,1,Tropical palm tree design swim tube. 36-inch diameter with handles. Vibrant island-inspired graphics. Heavy-duty vinyl. Perfect for pool parties. Vacation vibes all summer.,"36"" diameter",0.7 kg,,"Screenshot2025-07-03112826.png (https://v5.airtableusercontent.com/v3/u/43/43/1752163200000/-9Kjq1F-bwFfHWlFNV7ZdA/8jSifrGGnOg4qUwyumiPuuT1FrqbS6M3cD9fKRdnf0BbVviFVnBY1Av7sH3TSSzV978mibwp4ia_sPaLWyBP_1GBcMKsQ-7BMGRvpt9x2D2Vnbeg-L0TgvPmyiyq1LFx_4DF10yrty5xbO7pELUAXg/ASK0Zjgl6UBghsr35Wxqf5Xu2FnyuYchvrap1cSYRiM),Screenshot2025-07-03112830.png (https://v5.airtableusercontent.com/v3/u/43/43/1752163200000/KIv2MbM0YZ7mCndG6tCImw/AHbclJw2xfiT3JjesBZP0HLtHy2CUvb4uE2aLXE6S0i0_kWXBbCPkEQPBUNletFkPkrFL6Be36UwI1jkOJPQKyRpbxfZSbplQt2sKQ7SRE_ewc_FKgLKlSuvmucxASUXn6CQUd9YLQWgw2vLMiYo-g/IEj0BztHyhwiqhc9o-qZAPs88DD0zwXLqMXu05Ejrwo)",s-l1600.webp (https://v5.airtableusercontent.com/v3/u/43/43/1752163200000/nzTZtbKNrTBaULeYCDoNkA/7EtrKn4rLJ5zdfP75YPgi44NVM7e6Sw7VbIN_27Tq47ui3vdzWWnXSPCazE9b1eI7LwAf7IDXJ7uu_t_mM3nC916qP1SgeXuSv2AVJfs1xxdUTpCVyJU8zhOTLDF_Kdd4l6GcKZEUjlLJWhW_Eb7Jg/-BLQF0MQ39ijG2BKVjJEkOc6rDeMFRo22YIrynzZLAQ),ebay.com,,Sealed,,,New,Green/Blue/Brown,,others,,,,,Pay4more,Samar,6/27/2025 3:24pm,Samar,7/9/2025 8:44pm,,Physical Goods,,,10,$16.99,,,,,checked,,,,Sun Squad 36 Inch Diameter Palm Trees Swim Tube with Hand...,Sun Squad,"swim tube,palm tree float,tropical tube,pool ring",Shop Sun Squad 36 Inch Diameter Palm Trees Swim Tube with Handles at Pay4more. Tropical palm tree design swim tube. 36-inch diameter with handles. Vibrant is...,Sun Squad 36 Inch Diameter Palm Trees Swim Tube with Hand...,"diameter, palm, swim, with, sun",sun-squad-36-inch-diameter-palm-trees-swim-tube-with-handles,Sun Squad 36 Inch Diameter Palm Trees Swim Tube with Handles - Sun Squad,,,,,,"Sun Squad Palm Tree Swim Tube - 36"" Tropical Design",,Ready for Upload
"Inflatable Pool Float 36"" Pool Inner Tube with Handles Sun Squad Wavy Stripe",https://www.ebay.com/itm/187321723528?_skw=inner+tube+float&itmmeta=01JY4T7FTVGANE7VD94XSJQTE8&hash=item2b9d3eaa88:g:Q48AAeSwJExoSeOh&itmprp=enc%3AAQAKAAAA0MHg7L1Zz0LA5DYYmRTS30lhRtf%2FCMQgDM2xNCqwKlwRI1KpmmPXb0LJtBhEPs5VdhO%2FaVUaz7O%2BFR6OUGz8qELL4k8ANvvdejVzZz48cRpqRV%2Fbzqne5Ooz2awPspT7mLImS01lRmgJnMr5iGcKKD2ZqrgAVJIRDJyskJOIX1WAiGf%2BF0c4QSFtM2y%2BRWM5kSZ8UFd61bbIHiuVvua5kmUPMSCaS4INDKk4tXJp%2F1F6oAhlzAGyldVNnWI5MSRsbD1%2BFXoAF2BZL71R79q5Lwg%3D%7Ctkp%3ABk9SR8b9nZrxZQ,P00342,2-B,Pool Floats & Recreation,Pool Floats & Recreation,Pool Care & Maintenance,,Done,$15.99,,,4,Colorful wavy stripe design inner tube. 36-inch diameter with safety handles. Eye-catching pattern. Durable construction. Perfect for all swimming levels. Summer essential.,"36"" diameter",0.7 kg,,fc7a416c (https://v5.airtableusercontent.com/v3/u/43/43/1752163200000/PaNJsmsDp2Gcf2Bh7ws2eA/UYqFiln8ImvvEOUDdWOSukmwhw0uXPjfH36Lk7e6tkJ2av2lB2c5kaNmgEndXJC_9rX7tsIJtPqC5dQSojoSxJIROLrHv_Yy1qt5yFzuKzSCHD_kBLkvriLhi9Nv3f2Sn-hfAEx3BjeS0U-s7qx9yg/MexGQD6cZ4lCFUF5GJHKKyaKl2I2Glo7q49rd1RQV8M),s-l1600.webp (https://v5.airtableusercontent.com/v3/u/43/43/1752163200000/MQ0om3JMapedRLz25YnRhA/7sa0v-iODVbqL1_xkQrG41k9Q0RtVrczLtBuvCpio_0F8a27WBGPweKIiHRXWoe3_aw8AABuEiwXmfE4SFw3TyVVNrMl1ttibo85PXIIZ5ADe7SBe-JgfnBHQg109IgBcHhzksJITFy0PSUV_9uytw/Q-iEGyaC9-ckg5uaZga3_xSnMETWLiFPMqViokJA6Cc),ebay.com,,Sealed,,,New,Multi/Stripes,,others,,,,,Pay4more,Samar,6/27/2025 3:24pm,Samar,7/9/2025 8:44pm,,Physical Goods,,,10,$63.96,,,,,checked,,,,"Inflatable Pool Float 36"" Pool Inner Tube with Handles Su...",Sun Squad,"inner tube,pool float,striped tube,swim ring","Shop Inflatable Pool Float 36"" Pool Inner Tube with Handles Sun Squad Wavy Stripe at Pay4more. Colorful wavy stripe design inner tube. 36-inch diameter with ...","Inflatable Pool Float 36"" Pool Inner Tube with Handles Su...","wavy, pool, inner, with, stripe",inflatable-pool-float-36-pool-inner-tube-with-handles-sun-squad-wavy-stripe,"Inflatable Pool Float 36"" Pool Inner Tube with Handles Sun Squad Wavy Stripe - Sun Squad",,,,,,"Sun Squad Wavy Stripe Inner Tube - 36"" with Handles",,Ready for Upload
"Sun Squad 36"" Inflatable Retro Palm Tree Design Swin Tube with Handles",https://www.ebay.com/itm/335941090317?_skw=swim+tube+with+handles+palm+tree+inflatable&itmmeta=01JY4T3M8W8YZPC08JMKC4KZ9S&hash=item4e37a63c0d:g:0dYAAOSwGBFmpwHW&itmprp=enc%3AAQAKAAABEFkggFvd1GGDu0w3yXCmi1dyKfPSw3J5exK3cL%2Bv8mTB--ZV4VJp6rWXUBjyIe4JmoHLElTQsjRLP30%2FStFt8UbNh6j3yuR5p7K7kAy5IXgLpW6IeVASST2fLxfIQ7AfzT0a1OVFFc1YyOoSRosPWE2ZVQ4fjMOga7HdTR9JgNsLWxklxvQ4OEsbmi1KklE4ZkRMWdnoIMLd5LgrcVFL1Dq63xB9IjH2IIzCoXezl5IkBJjFbOXzDj1SRXw2Rz1OIMb5A4tDq%2FnqJ2WQzkjK01q9mZwfEWyqUQunUpfO%2B2kjG6X26zaeIV418gPhrZRKCGYRENSGfS0%2BYwY0tQMvl%2Fb1I7HLLkAZTD3FEKNIbiqS%7Ctkp%3ABk9SR87EjprxZQ,P00343,2-B,Pool Floats & Recreation,Pool Floats & Recreation,Pool Care & Maintenance,,Done,$17.99,,,1,Retro-inspired palm tree swim tube. 36-inch diameter with handles. Vintage color palette. Nostalgic summer style. Durable vinyl construction. Perfect for pool parties.,"36"" diameter",0.7 kg,,4fb8399d (https://v5.airtableusercontent.com/v3/u/43/43/1752163200000/i3Vqn8Wgwmxccd5WnZwzXg/5RAFVd3DUecBAFd4S-87Q78E4ukcggYQat1HUYWo5ii7nHb1JFNH9G3-gxZWgr_SKP0r7WptKOOubFxY6jdtw6y61lPpUrfnJ2qpIJrsVe1--_nl-HQWtYA5KIDjfWL0cl0mfyOIrDHty3ink7GdPw/k7-S63a2ewDUr1I4YvfJ2dEjoHv8cRLVIoJCtekDVW4),s-l1600.webp (https://v5.airtableusercontent.com/v3/u/43/43/1752163200000/cMnqDg1Mfyxx0EsJPA7m-Q/juxdke8cymemd_Hl5IFM22swDHwHBvh8-xa_N2Yl3KNKnT8iUvhCqPQ_QS2v6UUWmXLBOY-TqcdeBBx1yLZSYQtfQ5NCnVT0dG3IxwTmTcYk-IVCCe_9qLkVLRoo1KcCZygXtinR3cv6p7jSYwvqGQ/YX9jb6KIO6XoBSAU9vi6nnqcd48a3xrcn-XxgKBj5tI),ebay.com,,Sealed,,,New,Mint/Coral/Brown,,others,,,,,Pay4more,Samar,6/27/2025 3:24pm,Samar,7/9/2025 8:44pm,,Physical Goods,,,11,$17.99,,,,,checked,,,,"Sun Squad 36"" Inflatable Retro Palm Tree Design Swin Tube...",Sun Squad,"swim tube,retro float,palm tree design,vintage pool","Shop Sun Squad 36"" Inflatable Retro Palm Tree Design Swin Tube with Handles at Pay4more. Retro-inspired palm tree swim tube. 36-inch diameter with handles. V...","Sun Squad 36"" Inflatable Retro Palm Tree Design Swin Tube...","with, palm, tree, sun, color",sun-squad-36-inflatable-retro-palm-tree-design-swin-tube-with-handles,"Sun Squad 36"" Inflatable Retro Palm Tree Design Swin Tube with Handles - Sun Squad",,,,,,"Sun Squad Retro Palm Tree Swim Tube - 36"" Vintage Style",,Ready for Upload
Sun Squad Inflatable Swim Tube - 31 Inch Diameter - Pool Float for Summer Fun,https://www.ebay.com/itm/375805179294,P00344,2-B,Pool Floats & Recreation,Pool Floats & Recreation,Pool Care & Maintenance,,Done,$12.99,,,1,Compact 31-inch swim tube for easy handling. Perfect size for kids and teens. Bright summer colors. Quick inflate design. Lightweight and portable. Essential pool accessory.,"31"" diameter",0.6 kg,,7f6b9fde (https://v5.airtableusercontent.com/v3/u/43/43/1752163200000/JU0JEEmRntJ3_KHvQAp_lw/zbxtzvPaZf3TWTcbxxb-clmDlIKZNznf_UNJQu_fRU3e-h4u8EkcyiviPpjQ9U4TFd4Kclh7aCKjj3pdl88S8EBKFEG6RRQMZizCMYTJRnQZ6lGFcjVATVx1mxcMW_uOVQYaZaxV9adcLjgCnFHwpQ/qBHPdoN4fJeZvjVxC3MApE0Qi1KxgLpNu4ud4Qdiqfg),s-l1600.webp (https://v5.airtableusercontent.com/v3/u/43/43/1752163200000/t5R2a9ANdg80o4Q10IRR8w/c4tHIdXBJFqEMYkB2ms4ZqGG1GQVp5PnMdtSiUPoRIJlHTLTlmnQefa4jbnj325E8XxCWMfYZ3AlJJqTHnRDjQfwUAeun3gtKLLtWPd0fOout94GnS0vtMn7Wx12MvkQ8u3oyScicB6GEHZeSH9hCQ/03GdMkIvqoyFUyrgrYhRYmHFM3CdEoKWDvU3c4_NfSQ),ebay.com,,Sealed,,,New,Assorted,,others,,,,,Pay4more,Samar,6/27/2025 3:24pm,Samar,7/9/2025 8:44pm,,Physical Goods,,,8,$12.99,,,,,checked,,,,Sun Squad Inflatable Swim Tube - 31 Inch Diameter - Pool ...,Sun Squad,"swim tube,pool float,31 inch tube,summer float",Shop Sun Squad Inflatable Swim Tube - 31 Inch Diameter - Pool Float for Summer Fun at Pay4more. Compact 31-inch swim tube for easy handling. Perfect size for...,Sun Squad Inflatable Swim Tube - 31 Inch Diameter - Pool ...,"for, pool, and, swim, tube",sun-squad-inflatable-swim-tube---31-inch-diameter---pool-float-for-summer-fun,Sun Squad Inflatable Swim Tube - 31 Inch Diameter - Pool Float for Summer Fun - Sun Squad,,,,,,"Sun Squad 31"" Swim Tube - Compact Pool Float",,Ready for Upload
"36"" Inflatable Glitter Swim Tube - Sun Squad™",https://www.target.com/p/36-34-inflatable-glitter-swim-tube-pink-sun-squad-8482/-/A-80315275?preselect=92269420,P00345,2-B,Pool Floats & Recreation,Pool Floats & Recreation,Pool Care & Maintenance,,Done,$18.99,,,1,Dazzling glitter-filled swim tube. 36-inch diameter for comfort. Transparent with pink glitter. Eye-catching pool accessory. Durable construction. Instagram-worthy sparkle.,"36"" diameter",0.8 kg,,"ed71eac3 (https://v5.airtableusercontent.com/v3/u/43/43/1752163200000/QuDxjWf-urJ7uqdWKqxPZQ/DjEI7q24t99CcxNkTfnYt7LxC8cNTx_QZlPhG1kSmq4KMppg2P8AYApXpZlWJN4AizmUQjSkPQP2_MY38llM5PfOoPPSDRPcVuy3Vn9lUhwKfHsdizvWVyD1pSghZApjNBrxKzG3Arhclbee4-u7gA/SMWUoW1f4PhMiBFndzd-8E7lrLWBCGnF17GTRubBRVg),ef356b94 (https://v5.airtableusercontent.com/v3/u/43/43/1752163200000/umOfVXzErwUk3kBMV19Eyg/VTAD5AU2uVEekcF8RaT-KNqCsLLppUruNLXZ7u_XbDCsaL_KnTqz5aH84Ko5BAtB7OsDUgf5x7cNJMAmJFezecAclYDUI8S4ADVehLLzHUG4_te9aM72BtHzkJvMr6nUpmXFirQjD2KCQsKkvcbNpA/2fdz6WfGFyh1VKea5CFK54f3GHaSaGEbSka2zkxNSS0),3056cd32 (https://v5.airtableusercontent.com/v3/u/43/43/1752163200000/6Js6RyWLP3fwfgz31F7I9g/Z2Pp7nfRfSuvDIT-CkCm-wBY39CZQMecO7j6BloD7ojt7PFQ2p9oJdSAiHhw10qeGF2XousmsWsy3YcPFNqeGy2GwheVfECuMeevhve8UYtgdKJvg4AlVlGtMS1XrLXRJiX1PyI-Ir1BmrPWp2tNSg/JI5r7cprz2Ckd3xLuS0dJBXfZ9r44zHbAMJEB7d8a3k)","GUEST_1ef86d57-6ee2-4c7e-9391-53a9ec58d065 (https://v5.airtableusercontent.com/v3/u/43/43/1752163200000/SGnzV8hOc6WZFYkCEA7mNg/qt7dG57f3_k8BbLqVCL9T0rpNVoM1F8o5HvKr3Zi7kADa97bxWuxhhs248ITAWby5KwLxqfoE0srNZSPoHzZqpcpQlEAlBmU8iItyA5I0OTRPnOtAILWTVI2ZCyZBIXkhKnEIiMH53En97AquPoLVQ/0VeTJfF1x_JHCHr6Do34GlwtKPZ9z46xUupn2YkP4uI),GUEST_8f81cb73-66b6-46a5-94d1-917e5baff0ed (https://v5.airtableusercontent.com/v3/u/43/43/1752163200000/cUSw307Kn-0iw1JnRZZMbA/wzHfsrL5CcH85Py2CYpq0FEznE_HF_wHtQYk-2NLomSzNGRDDLCHw1JyyUDJHZOAowWRWZcv9dccjfTyNoZlGgsImxeUkGyVUwMSsizWfS2b0P2mCoHBmprfh02ryyZVHg3t7v3iDWMiJBcCv71DFw/bfcW9sqGhtEO5fVErsF8jqRJZDXXLVqvJyiVy4pUQh0),GUEST_128859f6-6ba0-4a34-906e-e47c0d8d7b81 (https://v5.airtableusercontent.com/v3/u/43/43/1752163200000/f1kwA-r3NO4OPJwZ7SOplg/KssetBQi8ylf4WqGkwYl7BGdy2bUVGwWTZVWGzB1MDNnUj2FCo_hmm8G5WzDRMFhOQz4oOvqNrjBDqp4kBQT8hxLze3t3NeVl_cPn-AKSYVGJLewW-xS_knBRnM7F8c_I906_qPOFrgXOAew5xOBrA/uTHeJRKmR33OCY8bbyYvaTjW0gkzUkwtprYv3BHkVLk)",target.com,,Sealed,,,New,Pink Glitter,,others,,,,,Pay4more,Samar,6/27/2025 3:24pm,Samar,7/9/2025 8:44pm,,Physical Goods,,,11,$18.99,,,,,checked,,,,"36"" Inflatable Glitter Swim Tube - Sun Squad™ | Sun Squad",Sun Squad,"glitter tube,swim ring,sparkle float,pool tube","Shop 36"" Inflatable Glitter Swim Tube - Sun Squad™ at Pay4more. Dazzling glitter-filled swim tube. 36-inch diameter for comfort. Transparent with pink glitte...","36"" Inflatable Glitter Swim Tube - Sun Squad™ | Sun Squad","swim, 36"", comfort., instagram-worthy, construction.",36-inflatable-glitter-swim-tube---sun-squad,"36"" Inflatable Glitter Swim Tube - Sun Squad™ - Sun Squad",,,,,,"Sun Squad 36"" Glitter Swim Tube - Pink Sparkle Fun",,Ready for Upload
Sun Squad Inflatable Giant Pineapple,https://www.ebay.com/itm/235907208925,P00349,2-B,Pool Floats & Recreation,Pool Floats & Recreation,Pool Care & Maintenance,,Done,$34.99,,,1,Massive inflatable pineapple pool float. Realistic tropical fruit design. Comfortable for lounging. Heavy-duty vinyl. Quick-inflate valves. Perfect summer statement piece.,5.5' x 3' x 1',2.2 kg,,Screenshot2025-07-03111348.png (https://v5.airtableusercontent.com/v3/u/43/43/1752163200000/YKthhEQ7iJeo80JjUSsHAQ/wnQquSXIEdwrUiDJ7t3ziN8YWwA7zzRpdnanmdhc6MjoxPpkljNNOcf5xqPc0BABKs3nk6_xHw8m0y2s5jIRP79Bq415KbH2NrODavq7t6Z-Hw-ejsDNfqU54-8862bavjAEbnPCi138z4o7n4tk2w/H99ifWRvZ8vfcelJYDqYF3PfUxLvgwFeQQyQdIzf6jo),s-l1600.webp (https://v5.airtableusercontent.com/v3/u/43/43/1752163200000/bUn2txtfwaCDIWyeDynSdw/pORbZH0W1Rg3Nq2hAs1PPE88R8XDrnZloCwa47DqLvZ7MVD7fLeRtNYwsXMjW79FJ96zrBajLbuPyMbYHh3Pf7THUDn7NobfB6NWUZSWcbICFer3OJZNvM82rkugP30iNjjoGeX_yn044PaZqxwfqQ/z5m_jv2s5n89C2oHIPRmx2lpaQY7bD5G6ipSvoDPevo),ebay.com,,Sealed,,,New,Yellow/Green/Brown,,others,,,,,Pay4more,Samar,6/27/2025 3:24pm,Samar,7/9/2025 8:44pm,,Physical Goods,,,21,$34.99,,,,,checked,,,,Sun Squad Inflatable Giant Pineapple | Sun Squad,Sun Squad,"pineapple float,giant inflatable,pool float,tropical toy",Shop Sun Squad Inflatable Giant Pineapple at Pay4more. Massive inflatable pineapple pool float. Realistic tropical fruit design. Comfortable for lounging. He...,Sun Squad Inflatable Giant Pineapple | Sun Squad,"inflatable, pineapple, sun, for, statement",sun-squad-inflatable-giant-pineapple,Sun Squad Inflatable Giant Pineapple - Sun Squad,,,,,,Sun Squad Giant Pineapple Pool Float - Tropical Paradise,,Ready for Upload
Sun Squad Inflatable Giant Pineapple,https://www.ebay.com/itm/235907208925,P00383,HL-102,Pool Floats & Recreation,Pool Floats & Recreation,Pool Care & Maintenance,,Success,$27.78,USD,,1,"Add tropical fun to your pool or beach day with the Sun Squad Inflatable Giant Pineapple! This large, vibrant inflatable features a colorful pineapple design, perfect for lounging, playing, or making a splash. Made from durable materials, it’s easy to inflate and deflate, making it a great summer accessory for kids and adults alike. Bring a slice of the tropics to your outdoor water adventures with this fun and eye-catching inflatable!",Product Dimensions Not Found,Product Weight Not Found,https://i.ebayimg.com/images/g/fSoAAOSwTi1ngDJY/s-l1600.webp,,"Screenshot 2025-07-08 185057.png (https://v5.airtableusercontent.com/v3/u/43/43/1752163200000/qn4MzxLSeS9M9QEOI_RMgQ/A0DDUHdAzeFFjc7TvP5S3ahZgLkzgMjZ9fbTN5Kc0o4XxbEPNESiE097H3pwB8q8pKCNIWNg2Bu1TC9aJdTxCFBF0A-D7EueIDADYcXbh3MuV6W4o3b3Kf0J9j1bhQYd-tBuEMVZ3kUltQpJn_7mRp8lunkLGRciKcvm8PHQyxal8H5oOjfa6Z5rZDueJrPY/9IgJ_GEJS1mG9a3CuZfK-xGPgLABl7z-X99wXOzNy9U),Screenshot 2025-07-08 185205.png (https://v5.airtableusercontent.com/v3/u/43/43/1752163200000/k4OGTI9c_mLFyQMXsHSkiQ/9JfC4n_JdIjYFfA-P5aYMcGz7B4Mpo81i_AR63If3ivUo1V0cvpn0GV8oiaNatft58n_10cdbVdTWgwY3z02wopt8wPXjwiC_W9LrQrcmKq7Mb7EAYC9biF0Z-07q02MVdfYe9jmy9d1PbzusjUtPRe1ppHoRWSwctfjdvAI0OpKisSFAofUw_gcly_S1Pv3/L0QUDhzYusVwO_BfimjGA6CMJ9h3UyRjabUXNIG0ySI)",eBay,,Sealed,,,New,,,others,,$19.00,,,Pay4more,Samar,7/6/2025 2:35pm,Samar,7/9/2025 8:44pm,,Physical Goods,,,17,$27.78,,,,,checked,,,,Sun Squad Inflatable Giant Pineapple | Sun,Sun,,"Shop Sun Squad Inflatable Giant Pineapple at Pay4more. Add tropical fun to your pool or beach day with the Sun Squad Inflatable Giant Pineapple! This large, ...",Sun Squad Inflatable Giant Pineapple | Sun,"a, inflatable, and, to, sun",sun-squad-inflatable-giant-pineapple,Sun Squad Inflatable Giant Pineapple - Sun,,,,,,,,
"Swimways, Pop-Up Pool, Canopy, Carrying Case, Foldable, 9-24 Months, 32""",https://www.ebay.com/itm/276618843272,P00427,w,Pool Floats & Recreation,Pool Floats & Recreation,Pool Care & Maintenance,,Success,$36.00,USD,,5,Included ComponentsIncludes: 1 Swimways Elite Pop-Up Pool. Target Audience are Boys. Sale of this product by Freeman Liquidators is not subject to the policies of the manufacturer. About this item. Special FeatureToy.,Gbstore 3 Pcs Different Size Strong Magnetic Ring PK Magic Tricks Pro Magic Prop,Product Weight Not Found,https://i.ebayimg.com/images/g/cLwAAOSwQ4Jm0fe1/s-l1600.webp,s-l1600.webp (https://v5.airtableusercontent.com/v3/u/43/43/1752163200000/lBI5-jPzpQ9kqAc1ur-Xng/nY3TVbpnWDFrelVfaZBRhaDhIGSvdO3NeJF238ktyglBK_bDTqlUetWkU1mM6wcAn4ACnRFGOI_O-9uOSHN3xifJJxpSG50K9fIjigZLPfZ1GY0IKKHF_dwJfCBJiNzdPIfxbd979Tu6_NPz0pqxdE-BjByPsi2sP5ga-iIFRX0/8c0P0h2VnE1G8FjR0qP50iX3jtzQJZs5ZbLI-O8B04U),,eBay,,Sealed,,,New,,,others,,$24.99,,,Pay4more,Samar,7/6/2025 2:35pm,Samar,7/9/2025 8:44pm,,Physical Goods,,,22,$180.00,,,,,checked,,,,"Swimways | Swimways,","Swimways,",,"Shop Swimways, Pop-Up Pool, Canopy, Carrying Case, Foldable, 9-24 Months, 32"" at Pay4more. Included ComponentsIncludes: 1 Swimways Elite Pop-Up Pool. Target ...","Swimways | Swimways,","of, this, the, pop-up, swimways,",swimways-pop-up-pool-canopy-carrying-case-foldable-9-24-months-32,"Swimways, Pop-Up Pool, Canopy, Carrying Case, Foldable, 9-24 Months, 32"" - Swimways,",,,,,,,,
Inflatable Duck Sprinkler - Sun Squad™ Colorful 3 Ft 4 Inches Long Summer Fun,https://www.ebay.com/itm/236066363731,P00497,PP1,Pool Floats & Recreation,Pool Floats & Recreation,Pool Care & Maintenance,,Success,$23.49,USD,,1,"Inflatable Duck Sprinkler - Sun Squad™ Colorful 3 Ft 4 Inches Long Summer Fun New All items come from a smoke free, pet friendly home.",Product Dimensions Not Found,Product Weight Not Found,https://i.ebayimg.com/images/g/OcIAAeSwrFloBvPa/s-l1600.webp,,"Screenshot 2025-07-09 115557.png (https://v5.airtableusercontent.com/v3/u/43/43/1752163200000/RoOLW5xP5ecGJnkFo_Pfsw/7hirNE84eQi8quEKJQ3EwJV2Hcn4o50Mh26omfuOLeO6pScmQtAOY-6wTZwoItAXIYiZbeJZ-jOwY-yuBrdB_5oBp1pbCNukqJsUDXVAV8EXe2d7rxDP7vXKb7jNw-ESSUxvXfe6a2XmdkUVG5bzSkQ0h9Ksw9TwylbjpB1XQ1hB57HTqpxaqreUWK-y7QEh/GFCHKroHzLQOTs7OD83-BSC5Lw8C4gEmBZ6h8FBjaSU),Screenshot 2025-07-09 115609.png (https://v5.airtableusercontent.com/v3/u/43/43/1752163200000/RiUYfJvi9dZ6geQ8QHABsw/H9DaR4nK42NXlCGezbldAmzsG26Ov1eC7dtbPenrsb8DUHknm4vyU6BbGORluTCIB6MujI6eDQyWNNg0TjUrvb-TznWRUXz-qxc6jaVS8cZbn57XyJ4d-R41ZBp6RkvLOWEK8dJdoiRFSYpDg3zHZF_U3YjgBk7YorVZBEqCpH11c4lpL4yvYs_5vMVfvB5X/TT-dayILmRBite0Q9h71sKQKN1rPwGVKs9SPQmW8Nh0),Screenshot 2025-07-09 115629.png (https://v5.airtableusercontent.com/v3/u/43/43/1752163200000/zMK0J6U6wDyCywDUxf1_Ow/jvHE3sYhYjSEs6Syaar41_DJ6pWzsgdCBFipV9WfSPmx87d_J5Uv8xeWVOhof96ODBYBFw-5qLaWCCKN22Jw79xywXr1YAS1ODRxgL9vBIrgyL8bgiVOv4sIcRRW4lMwhPf_tebrHURwMiX3KQgrd65A4eqm-NM0vX-Wnmf5oQuqLyuGD2vsU2Xaj7-auOv0/YGegsFeA5f2hP_3eB8FlomWdydRW3WDeYnWcMeBlcd4)",eBay,,Sealed,,image.jpg (https://v5.airtableusercontent.com/v3/u/43/43/1752163200000/UxpmSPj3qSPXzFHScj2d6g/Xz6yvRvaGy5Z2_b5_Eo0HNex_6bxZEoBKrK6P_uF9LF2l5aSRnn7kBmeqkR-HXV-gLhQ2y1zqd2T6uWnZ05maaalUKW07Y2gjcP4b4hwr3hARPNOt6l0dbuuvt2lQuNcCm7zPkREs0nF1se3NNY4Lw/7bfAuDabsrDtaiFNDSI6QLnx283nVQHkurF4_VQOP18),New,,,others,,$15.99,,,Pay4more,Samar,7/6/2025 2:36pm,Samar,7/9/2025 8:44pm,,Physical Goods,,,14,$23.49,,,,,checked,,,,Inflatable Duck Sprinkler - Sun Squad™ Colorful 3 Ft 4 In...,Inflatable,,Shop Inflatable Duck Sprinkler - Sun Squad™ Colorful 3 Ft 4 Inches Long Summer Fun at Pay4more. Inflatable Duck Sprinkler - Sun Squad™ Colorful 3 Ft 4 Inches...,Inflatable Duck Sprinkler - Sun Squad™ Colorful 3 Ft 4 In...,"inflatable, ft, fun, duck, long",inflatable-duck-sprinkler---sun-squad-colorful-3-ft-4-inches-long-summer-fun,Inflatable Duck Sprinkler - Sun Squad™ Colorful 3 Ft 4 Inches Long Summer Fun - Inflatable,,,,,,,,
NEW Nerf Super Soaker Hydro Battle Ride-On Cruiser – Inflatable Pool Float [B1],https://www.ebay.ca/itm/177060907417,P00502,,Pool Floats & Recreation,Pool Floats & Recreation,Pool Care & Maintenance,,Done,$14.99,,,3,"Introducing next-level pool battle fun that will leave your opponents SOAKED! The Nerf Super Soaker Hydro Battle Cruiser is an inflatable ride-on float designed with a built-in, pool-fed mega blaster that provides a continuous water supply so you never have to waste time re-filling. Drench your friends from 16ft away!",42 x 42 x 23 inches,1.41 pounds,,,"Screenshot 2025-07-08 173235.png (https://v5.airtableusercontent.com/v3/u/43/43/1752163200000/Q95LUtB0G-3MJZeq6eoiEw/xAwxInXnIcNZywBrOxvDOKe-xV05EAXn-qi8TyGW7-SWHJiOPXVW2Rc31n6zdYsP0ip93n_V-CCbHV2QgmgtaBHdvlE6dQZJ0LsuVQCyU0RwTyW9bN_yKGOCLhCC66o08MJnsJZ9AYWQwAd3Nsv9c7aSDIBEAmClTjjXScsCozqFqlagQqjxQhditnCxbk3H/D60KMhlya6scTSVhIWTQIVrRqN6bjduE-n4tWYSgh6I),Screenshot 2025-07-08 173242.png (https://v5.airtableusercontent.com/v3/u/43/43/1752163200000/qyLajIpVEOX4ROEDmLkdjQ/Iz9j0NpYXcKNzOF09T_mbAIpNFiTEsSgNX4iHli-3FxD2gMQ1vdRO2CZ-3PiLmMVLETV6c8qNNi3YO-Lyhvg6VMMUeGpsh6t7ZEcf6yvk4di6uT_SZgJUiIgxncQpsXRK3NofgSmFrsVuSkKZmS12CF-Mhj0oGDsLwTkN5USOUQc-g97ZuS3inzvv2Qd0PZX/X2T9praYlfN4L8ZfvPwkLyi9LLCzbZenodV9Pd31CAk),Screenshot 2025-07-08 173257.png (https://v5.airtableusercontent.com/v3/u/43/43/1752163200000/YFaX-2i_hVwBwwKEjhM1MQ/eUvboOaH3rVxhFs74bXc4KtveKkPF7ehGKLjMJLMcfF5w6wSIujf5LJIbcKcHie7HtQmnILHlD8cVBu5OYhF6aZud6vLywfEsiBIp_MY4ulQMWCE5463uUB2Lzy9v1PKxb39G1mZNq7HPPT6d9lMFkLN53TiZt5OZGkmnYaHD2mEqEGNsd6feByWMwa50GBJ/rceHJAEC4NW9TgOK4POgXwLYlqt184X7IVc_43B4UiM)","ebay.ca, target.com",,Sealed,,image.jpg (https://v5.airtableusercontent.com/v3/u/43/43/1752163200000/ckfMGowux9sih5JVIpVOWw/qHX7IlI-u8ITj1jFYUfR0InWeQX6SZqeUv98hX_jDXBukQlcSSRBzc5rnp5kypEhbtsZEvZ_9bmpCbVzE1Hl3pvwsk3k7BiIbthXUq9vXKAlyn7-5PhO1666H0mKZBjc6VMqmdOxacuuFn26CUSWvg/rPWAxVbKELLHvKHawNgeH81vzIUW0QF4r8hkj5ytboo),New,Blue/Orange/White,177060907417,others,,,,,Pay4more,Samar,6/27/2025 3:24pm,Samar,7/9/2025 8:44pm,,Physical Goods,,,9,$44.97,,,,,checked,,,,NEW Nerf Super Soaker Hydro Battle Ride-On Cruiser – Infl...,NERF / WowWee,"pool float,inflatable toy,water blaster,ride-on toy,super soaker,pool battle",Shop NEW Nerf Super Soaker Hydro Battle Ride-On Cruiser – Inflatable Pool Float [B1] at Pay4more. Introducing next-level pool battle fun that will leave your...,NEW Nerf Super Soaker Hydro Battle Ride-On Cruiser – Infl...,"battle, pool, super, soaker, hydro",new-nerf-super-soaker-hydro-battle-ride-on-cruiser--inflatable-pool-float-b1,NEW Nerf Super Soaker Hydro Battle Ride-On Cruiser – Inflatable Pool Float [B1] - NERF / WowWee,,,,,,Nerf Super Soaker Hydro Battle Ride-On Cruiser,,Ready for Upload
"SwimWays Spring Float Premium SunSeat Pool Chairs, Inflatable Pool Floats Adult with Fast Inflation for Ages 15 & Up, Sky Blue",https://www.amazon.ca/SwimWays-Premium-Swimming-Inflatable-Inflation/dp/B0CCW54CXB,P00519,Store,Pool Floats & Recreation,Pool Floats & Recreation,Pool Care & Maintenance,,Done,$32.99,,,1,Float through summer with the SwimWays Spring Float Premium SunSeat Pool Lounge Chair. This papasan-style pool float features a soft cooling mesh seat that keeps your body just below the water's surface to keep you comfortably cool. The oversized inflatable backrest and built-in cupholder add to the relaxation.,38 in x 38 in x 15.5 in,Not Available,,"51cc75db (https://v5.airtableusercontent.com/v3/u/43/43/1752163200000/Vq8peWb6m5aSaZ601PM3TQ/NlNdkIoIQRdK1F84gDdxHi3aeIKFItvwU8Wkr5F0sRZRW1OQ6Er2lUl8rwH6RsaCwDrWVwp16ga2yoAQ0IOzGVmR2-5HpymYkGL7ctvasrJQu71larDWvWH4s0C8cAvWvjP7E1vusak7H6Eh6pDXeA/3Ukskr92FXCcz8_OP-qxQwLNR_EtUkUa64NQzlFcHl8),e887a6cb (https://v5.airtableusercontent.com/v3/u/43/43/1752163200000/RcVUrGJmVYrg_vO7UDmrMw/IM46GUEGvR8JZV506x8Qc405PixERC3z7fhSFxqROn-uNs2uH2pS99pi5KgVH_CNCqLt-utIhTTOWKgf17GrKOpI4BbKURMTFuT6EQkiqxHKYY4bohtclJ4_KdcCTxrxpjVRF6zl5Yr1bHKultXyGA/0M23q3e5hztShPT0Z9R5BzSsocGoEyCWCRZznhuX1gI),bbca6bd5 (https://v5.airtableusercontent.com/v3/u/43/43/1752163200000/pk3prKHjwoOa-DUYYmBlJg/TbfvVyiLGXLbM-iicaLP85t1sZBIM7F8T9jcHQY7ykgfi5LDVj34srvcTgvpl0LjehJbtPFE2BEcJ8Ir-BjYtvOCEAtrWtUOUHwXvuiHDPwSu0lyO0Jk7rO-lXv1-d48Z4NlmajnphEaFWk84kVW1Q/-kHPQXHfGkf_Bj3SAn1Hz9XZWSqZu-2td2ZoJfENUgM),69eeb15d (https://v5.airtableusercontent.com/v3/u/43/43/1752163200000/Jwc6DEaunrdmQmG5PCNEHA/VTI-sEAtqdPH3zkzPfjAiEEBvZ426OYcuYO8j1vw9fs-DWbQQ3KCmgeJtZUrOnGTZlR13ecp54db1Nhmi1NgRlFpn-BDq64mk14gmwOsCFaNRiP-roh24FnQttx8wvGdwXAvtAPA7KUyEk0otSINHQ/r_KPCcpxftkMZ6l-NVFEQpAr7B1Ak1HMf6QPyw6QZNE),70ee251e (https://v5.airtableusercontent.com/v3/u/43/43/1752163200000/VtAxxFlMT14T1T59FumZJA/BK1ZS6YQYS7QMxeUWA3KnQn1j2Fwavbf5pZWLaPLhyCBTkjC1Li6FhVq2xP1HmvUBSlfUYL5Jh4F6X8JMqVkG40FU6D1MWaWhUqB-Jx-t8ZKQQl5YeupzLOaJ5ZbhzJ6juj2QKeOVKLB4ga5kG5cuA/OqBn1t6PK1C3glm0IKvGXyCizR76axA0EqdETCBMWN4),a48c68da (https://v5.airtableusercontent.com/v3/u/43/43/1752163200000/E48Qiu85xRRAFM5uLcmJjQ/PtElpnElZPDWwDH_6x8hlxtwkTPsZz5xjqh1RQk6gPj0OIi_1l6uEt4H6AM0Gj6M9XvfUW4xEBE3FzPUFIWVqqB04aBqI_Rgin9wD_AgtdtujsPQeQjFe9K9cnsFe_B8qkrSgh0idzxMWOeKUiJCRg/3qC9HX5NW4yrR43yzDpSMsPpJca-cG4VnWUv85qPpmM),adf7496a (https://v5.airtableusercontent.com/v3/u/43/43/1752163200000/Xa09GwFCMkIjXBb5aqkOEw/ATQ0qpT0ihwbmDhPfo7nHJaUZglgbAwr6TYVKp9rZ_jai1caEKPnxb8cwSN2o4GxzJbHf2hK8wxOO_Lu8QPbIeLMZ9ZqL6gSf_aJZmtrlGaIkSK1QZmx2kF4ewCRSsZlPUhmPYAuSSUAsILM1pMI5Q/XCqSqFOiua94BgjUhsWPWIjZlrc5Zi4NTIyMi0mFo-k),08b37ab3 (https://v5.airtableusercontent.com/v3/u/43/43/1752163200000/nuelkK4RGo0W8Y4desIfKw/NDOP4pexSDNvFBsvTo2FpdVK5neWUuR8ZiB9lzxBoLx0V8ChuufZGlEFU00ElGvMoSIDlAkmMozp4unJXOOi-dUM02ZrKdW2MTvySCtEVjx4ra-9s2FyS7e3iYz4Iawm1b4kttfbfCuQKUGhVZfmfg/2KYN08k9DTY-U601TuaSyD8gLP6cTeZqMFqvnL2lgE8)","81fXeggcn+L._AC_SX679_.jpg (https://v5.airtableusercontent.com/v3/u/43/43/1752163200000/F982b3C1oNUCJBov_aEF_w/zEuqERiUK5V8nrTMvES-sPTlxv6-QFDW6se4Oyot7R5PDffu2iUEVh3jFJI5xnR4bzU_R1ZvZ6qvMsWYXb3oNRCAcgUBTmu9ShhITYJxYxVTH-Qg_JGKXAdniQJ1iEaGCylaTwkEraGS3o9B1y5JcQ/zP7OH4DmlisvUAcew0kpsZZtvFOOuCsZNnucTwsZSUE),51B91oUjRvL._AC_SL1500_.jpg (https://v5.airtableusercontent.com/v3/u/43/43/1752163200000/YMWFTgcWBd4h_K7M7o-5NA/L1irStEi9QKSHURoSGBx70lrAYw3_QwNrvVDDw5QmFvWPOCyalY_gYjI6S9I_Vnf7xddvg1RWGSVH0Xmfw41wZ54t7ND2LYg6H6wwrKR_kfA_5rgYU5f7959MZF29VoawOcjhGqj7wHvVO5PgEqshQ/0zxK3DXjIbyw1lHJpvxFfu1I_K8UW9HMklF5TSG2h6I),51W8-xEX8YL._AC_SL1500_.jpg (https://v5.airtableusercontent.com/v3/u/43/43/1752163200000/utDOzo5902pPr_r0cEovog/fxfqYMPr27NNULcveY2RpaEwyNcpv94oaLAplS_0w5MsJoOtxQS9GUFVVbJElewA3_l0qyLHsxM8kDAuGHUq8PK4qWQ0bHwojKJOFcoLOU28-jt_wf-JIEEUZEqHfqiT0aQEDgluTJlZLj4ViM3sJg/84xhcnlCI4wrrIxJ7iH-jh2yJJUmzI7RtsZxwf6E56M),61Nahwg-Q3L._AC_SL1500_.jpg (https://v5.airtableusercontent.com/v3/u/43/43/1752163200000/eD1O28O15bZzKr2h2dJVIQ/16UYHbANLrlR3HHGo_h9ThbnGjqy3-ZuhtFIJwSXsJePYCQ6wjJuxl6ZG0RYV_MsdA73XHQ6RhbCESbLiIywuxmAIzyEAuHkQo10otZ3Xtiu7t5HGVAFl5eEh1DPYq-vsBxLJlbXj4TKIDpThFM6BA/ReVIB7GhGhraKqAfeeqG-TOrEKpZE2RUOAPAAJogZZs),512dPmRH3xL._AC_SL1500_.jpg (https://v5.airtableusercontent.com/v3/u/43/43/1752163200000/TTjnPuDDRZv_WH4YaU1GuQ/dZTZ05XBXKKbtz-n3svxEtCqYQzGDkaQpfnk9A2UTyRoCbpdHFFuvhVaUbajGYlNI-lxEy_WsXQqmE_GHp-BQjbd7EOGxfVeebrQ6RAOiazBFy9LTvbmk9Xn95qa1xN33IfACmeIfpDZDB3NYr0lGA/oh77kDd9HEcszgtfJ4GJLD1M3HqEZrulIWdk4drmNqI),51fjxp8OOcL._AC_SL1500_.jpg (https://v5.airtableusercontent.com/v3/u/43/43/1752163200000/je8aJHE-ya9Welifb6lDcA/pd11lIaoczv5W7Mu1DEdKn73rcsReSOqgs6BvRA-Hxyh3Mb_IMoYRifbSSblR0vhKq583y50R7IL356Af2tcH1iqO12lfCB45aOAh8WrP2rkIHDBlJ-0QifoELdRmIlwWpaZMYR1uo213XdVMs6uhg/0B1GWZMDZ2yEVcvBQMOiD-FP674lAfWn5Qe2D6zwNv4),51TOSVQIi7L._AC_SL1500_.jpg (https://v5.airtableusercontent.com/v3/u/43/43/1752163200000/2fYkhkFgx1isipNJlcCVvA/QcmtM-11SrjlSH9eBiop6iokTQhAmonDhyEbs5OluDU3i6avaL6YFotTBPLjzT0UsB0i1rQpfp6O5ioHX5oWUV-ygjLcN5kef4hsUF6Btf-eHM6CiOtR8pRYGtfpD5IWcxxfciVpvXd72gLlhCodtw/f8_u4hyJhdJcTX1HIQ7QWKZm8QIwZJkJFxvrjZZQ_84),51iQACkSTvL._AC_SL1500_.jpg (https://v5.airtableusercontent.com/v3/u/43/43/1752163200000/EnC_FoonL9Z3oaAUbezg2g/Bci7UuNSM9Cd2r47ubPsR4OJCDJf0KvQSpmvMwtF86uTgJLdhE6cibAVNbrXlg0Di3rUbzQFfMwDXdS2f47ls4sOQDgbYz_x_8ZJKV7qNrHx49rgazTrQuKSCrKiu25IEXihF6l2xjY5OmUgj3vujg/N8B_shDYZci_ZDGvqZb-AFBCaL2HAi0BFU3aL-7oOtA)","amazon.ca, walmart.com, spinmaster.com",,Sealed,Brand New,,New,Sky Blue,B0CCW54CXB,Appliances,,,,,Pay4more,Samar,6/27/2025 3:24pm,Samar,7/9/2025 8:44pm,,Physical Goods,,,20,$32.99,,,,,checked,,,,SwimWays Spring Float Premium SunSeat Pool Chairs | SwimWays,SwimWays,"pool float,inflatable chair,pool lounger,swimways spring float,sunseat,adult pool float","Shop SwimWays Spring Float Premium SunSeat Pool Chairs, Inflatable Pool Floats Adult with Fast Inflation for Ages 15 & Up, Sky Blue at Pay4more. Float throug...",SwimWays Spring Float Premium SunSeat Pool Chairs | SwimWays,"float, the, pool, swimways, inflatable",swimways-spring-float-premium-sunseat-pool-chairs-inflatable-pool-floats-adult-with-fast-inflation-for-ages-15--up-sky-blue,"SwimWays Spring Float Premium SunSeat Pool Chairs, Inflatable Pool Floats Adult with Fast Inflation for Ages 15 & Up, Sky Blue - SwimWays",,,,,,SwimWays Spring Float Premium SunSeat Inflatable Pool Chair,,Ready for Upload
Sun Squad Polka Dots Kids' Garden Tote Recycled Polyester Unstructured Handbag,https://www.ebay.com/itm/205220952501,P00527,2B,Pool Floats & Recreation,Pool Floats & Recreation,Pool Care & Maintenance,,Done,$12.99,,,1,"A fun and functional garden tote for kids from Sun Squad. This unstructured handbag features a colorful polka dot pattern, a single open compartment for their tools or treasures, and double tote handles for easy carrying. Made from recycled polyester.",8 in (H) x 5 in (W),Not Available,,,IMG_1344.jpeg (https://v5.airtableusercontent.com/v3/u/43/43/1752163200000/omZjszgTqu1l1QBicqnAMQ/oCeycwrdy40DobVinGujkuyb7AQulmjqlKLotxuxclyfNWTIp_drjBCVXxmLlNt-PfzUA9v2yOVtCYuMDcu7N62EaAJEcO0xJ0OdrG39GttpG5EmfAk52G9y9KWLupy73xk7_pCOb3DwviIKcERxYK_tAP0h90L57JxG4Kw0Y7A/2Yis78CWVz4jDSkE_VFRj8qO3ICMmubp774BPUhvUPo),"ebay.com, target.com",,Sealed,,,,Multicolor,205220952501,,,,,,Pay4more,Alexey,6/26/2025 5:05pm,Samar,7/9/2025 8:44pm,,Physical Goods,,,8,$12.99,,,,,checked,,,,Sun Squad Polka Dots Kids' Garden Tote Recycled Polyester...,Sun Squad,"kids garden tote,gardening bag,polka dot tote,recycled polyester bag,kids handbag,outdoor toy",Shop Sun Squad Polka Dots Kids' Garden Tote Recycled Polyester Unstructured Handbag at Pay4more. A fun and functional garden tote for kids from Sun Squad. Th...,Sun Squad Polka Dots Kids' Garden Tote Recycled Polyester...,"a, for, tote, unstructured, from",sun-squad-polka-dots-kids-garden-tote-recycled-polyester-unstructured-handbag,Sun Squad Polka Dots Kids' Garden Tote Recycled Polyester Unstructured Handbag - Sun Squad,,,,,,Sun Squad Polka Dots Kids' Garden Tote,,Ready for Upload
"SUN SQUAD INFLATABLE 31"" Swim",,P00566,HL-101,Pool Floats & Recreation,Pool Floats & Recreation,Pool Care & Maintenance,,,$15.00,,,1,31 inches,,,,,Screenshot 2025-07-08 164140.png (https://v5.airtableusercontent.com/v3/u/43/43/1752163200000/QVwFAfDWZpEIwIhymTjo6w/Nw4vuM-MwACE3PUHcgCaplWkobbORrui9qi2PGdy2UhTLVvbwuhat62bi1L3yYz4op8Yk2OEQhdMxJ0fImd_lBuhuBWpuaqbKL6aMYqsWLxgE0dclnij-qu4UYzqfmsLP11V5qqQvvicjKmeq-cfQzq-E2CRPLacj1VqcodgtWAkaIF7udNWllprl21hJplc/Ot0sKGoVRR1szkfXVAuXCxfXvp8T-mv0-DwOQuJ1AOg),,,Sealed,,,,,,,,,,,Pay4more,Alexey,6/25/2025 6:38pm,Samar,7/9/2025 8:44pm,,Physical Goods,,,9,$15.00,,,,,checked,,,,"SUN SQUAD INFLATABLE 31"" Swim | Sun Squad",Sun Squad,,"Shop SUN SQUAD INFLATABLE 31"" Swim at Pay4more. 31 inches","SUN SQUAD INFLATABLE 31"" Swim | Sun Squad","sun, squad, inflatable, 31"", swim",sun-squad-inflatable-31-swim,"SUN SQUAD INFLATABLE 31"" Swim - Sun Squad",,,,,,,,
New Sun Squad Inflatable Swim Tube,,P00567,HL-101,Pool Floats & Recreation,Pool Floats & Recreation,Pool Care & Maintenance,,,$15.00,,,1,36inch,,,,,Screenshot 2025-06-25 183617.png (https://v5.airtableusercontent.com/v3/u/43/43/1752163200000/3ZPcYNP4AkWPC5WyxthkEw/-Nlcxj5S6nZWhn1S7VRet5D4mQHUPr9L66-T078gKQV3heja-Mn1HXc21E_xZFwmu9jgnJRcG4NoyC2JtbdgEdop1AVwtDjNVJoaFpyAduYJQNG8MVsUhC-JJr6h7s0LPyRtYdtbO69aKDkmXTxiizWfUQPdDFVRU4GgHiwg0Hbaky7F1N4jhptsfwpTmD5d/Mn1mhmtfHd25dpUKXCtkeU6-40q_82vHHZTYVqqjV9g),,,Sealed,,,,,,,,,,,Pay4more,Alexey,6/25/2025 6:34pm,Samar,7/9/2025 8:44pm,,Physical Goods,,,9,$15.00,Yes,,,,checked,,,,New Sun Squad Inflatable Swim Tube | Sun Squad,Sun Squad,,Shop New Sun Squad Inflatable Swim Tube at Pay4more. 36inch,New Sun Squad Inflatable Swim Tube | Sun Squad,"new, sun, squad, inflatable, swim",new-sun-squad-inflatable-swim-tube,New Sun Squad Inflatable Swim Tube - Sun Squad,,,,,,,,
Sun Squad Pool Swim 31,,P00568,HL-101,Pool Floats & Recreation,Pool Floats & Recreation,Pool Care & Maintenance,,,$15.00,,,1,31inch pink and white,,,,,"K11171A00--funtube-stripecandy-4-sq.webp (https://v5.airtableusercontent.com/v3/u/43/43/1752163200000/yu6pD0dMRfsudiyX90bpLA/jka7Xxp9cCybnpUqWhE61GtfeENwKIoxKZnhhlRb-Aqb9Ueo7x1p3TZU-b02BCFjIdlsoOg9jFU195w6n26tdTzd1Mqi7cUeBuEAZptrvdCn6uSy4rBm91yjw7r7cLd2FFu3aUTWexrU6m0afL4WYr8O5Hn7MS_UhG6lZqKn3UotHGKPVqHhgmGyhhLts3oM/MOVGgVOqCvVk7gi002NzW-J2dIEEbtzIipR44VLAVNs),K11171A00--funtube-stripecandy-1-sq.jpg (https://v5.airtableusercontent.com/v3/u/43/43/1752163200000/78aprAc_M9DAFAMbMGbGlQ/ihu24LN7owe3EatIDQrsMiM632soLe-Vq51365QAY35N2FLarhydfH9RY2qVnpEtYdPsy1rI1Rkm7Xy1HBaRYv7QkWDgHX6Y2N516cMTCimjO7lnq9g6FGgvWOR5p6pRxc_cnDVzljQwzwWzhHeoSCUmOlmGWdaXBb6nE2gVUomByDpcww_mo27EfZ3wYvi8/IgsDSaI1Y114OC6tSjKqnMaLmJlIjndjt9Zn4GFEyIg),cf48f04f-69b8-45eb-a52d-df8af9e30cfe.jpg (https://v5.airtableusercontent.com/v3/u/43/43/1752163200000/30Dy0680lf5Vs7_HYhrw6A/bTwjq7Mego9UcnrJH4HRMc_1GbU96vQMEaS6G2Q6Ure_gtasEm89uh4hweov5xE_ga-CDBKkJBetu85vxG2q8PlggFoRZqUOySWswwpKGpRcMJKDp-7jTl5KhWYuZvzZD-D2d-Nr4LFPY49t0mYPjeI4iUQVnET9H34vcYctVmAT-bT6DOnpF9W4uokHc35s/pBZSaUHjZPN6CDIlpc67Yj_v7HkEkFWeFv_5Hu1h43A)",,,,,,,,,,,,,,Pay4more,Alexey,6/25/2025 6:31pm,Samar,7/9/2025 8:44pm,,Physical Goods,,,9,$15.00,,,,,checked,,,,Sun Squad Pool Swim 31 | Sun Squad,Sun Squad,,Shop Sun Squad Pool Swim 31 at Pay4more. 31inch pink and white,Sun Squad Pool Swim 31 | Sun Squad,"sun, squad, pool, swim, 31",sun-squad-pool-swim-31,Sun Squad Pool Swim 31 - Sun Squad,,,,,,,,
"31"" Swim Tube Mint Green/White - Sun Squad",,P00569,HL-101,Pool Floats & Recreation,Pool Floats & Recreation,Pool Care & Maintenance,,,$15.00,,,3,"31"" Swim Tube Mint Green/White - Sun Squad",,,,,Screenshot 2025-06-25 182635.png (https://v5.airtableusercontent.com/v3/u/43/43/1752163200000/usQvtnHj5jPWyJtfkmiw3Q/HNvKFlDQTDRcCkQnGedu35Xjotrbetupispp7rFsMIObBIiIopNPBTea2-otdS74iidQILIjau9CQ5t1Ael0Ix19CIfUAwQ_PcJMF41hiwYRHFYMP4w0zzYCvfZ0_yk2mVuQV7CV2rUurI54DJSQEeTbwb0JIDcM_s8diNi1J-gNS8-9JcZCoZrzKV8g6vrt/mjnOsgfMza4dZ_4muRppo-X29YRPopt3ksaNM2vjeSA),,,Sealed,,,,,,,,,,,Pay4more,Alexey,6/25/2025 5:44pm,Samar,7/9/2025 8:44pm,,Physical Goods,,,9,$45.00,,,,,checked,,,,"31"" Swim Tube Mint Green/White - Sun Squad | Sun Squad",Sun Squad,,"Shop 31"" Swim Tube Mint Green/White - Sun Squad at Pay4more. 31"" Swim Tube Mint Green/White - Sun Squad","31"" Swim Tube Mint Green/White - Sun Squad | Sun Squad","31"", swim, tube, mint, green/white",31-swim-tube-mint-greenwhite---sun-squad,"31"" Swim Tube Mint Green/White - Sun Squad - Sun Squad",,,,,,,,
Sun Squad inflatable Swim Tube,,P00570,HL-101,Pool Floats & Recreation,Pool Floats & Recreation,Pool Care & Maintenance,,,$15.00,,,3,31 inch,,,,,IMG_1323.jpeg (https://v5.airtableusercontent.com/v3/u/43/43/1752163200000/oiH3Vdp92ZJD5hyWy3N17Q/JqrST0z2_1Ek76_P_NQnuQWD26VNTeXJ0kvMSMhMZ2oLKWmthJItr6MSMLZ_5ydt8mWKzLcm_hnCL9j8u-rJJi0mJPY6VRPyCQ7rkhc3DibK7gMUt0uRrIedyLBZTpA51xkiGMVVMbQF5DIgCv6N2-Np9ylKvL58Yme0MaUtsSc/6w4QNhsn-xeP7xihJ43MlLjEWbjAxuZBDLR-TWHEgG8),,,Sealed,,,,,,,,,,,Pay4more,Alexey,6/25/2025 5:42pm,Samar,7/9/2025 8:44pm,,Physical Goods,,,9,$45.00,,,,,checked,,,,Sun Squad inflatable Swim Tube  | Sun Squad,Sun Squad,,Shop Sun Squad inflatable Swim Tube  at Pay4more. 31 inch,Sun Squad inflatable Swim Tube  | Sun Squad,"sun, squad, inflatable, swim, tube",sun-squad-inflatable-swim-tube-,Sun Squad inflatable Swim Tube  - Sun Squad,,,,,,,,
Sun Squad inflatable swim tube,,P00571,HL-101,Pool Floats & Recreation,Pool Floats & Recreation,Pool Care & Maintenance,,,$15.00,,,1,31inch ,,,,,IMG_1321.jpeg (https://v5.airtableusercontent.com/v3/u/43/43/1752163200000/A3V1tstVcDQwwO0SHB4ASQ/ScSAKvphpt4dLS9Jx1yEqep2bbO1HQtuUlFJpUIjkL-KhMQs3p8aP3NWbDMkOHwYvzl3TOU0DjAY7lpb86oCfmzXt5ydK8Srr1SqLyGTRQrzy94q6ikNU0j2MdfRZVWwx1wOkBht8xv-Rqmp4L6hfLRr8b1cGKBzgIJQnw8BAWI/gbaiQosWs_PSoYp9V8cWgQLgxFLq-Hp8qCjtqzsKv-o),,,Sealed,,,,,,,,,,,Pay4more,Alexey,6/25/2025 5:38pm,Samar,7/9/2025 8:44pm,,Physical Goods,,,9,$15.00,,,,,checked,,,,Sun Squad inflatable swim tube  | Sun Squad,Sun Squad,,Shop Sun Squad inflatable swim tube  at Pay4more. 31inch,Sun Squad inflatable swim tube  | Sun Squad,", sun, squad, inflatable, swim",sun-squad-inflatable-swim-tube-,Sun Squad inflatable swim tube  - Sun Squad,,,,,,,,
Sun Squad Inflatable Swim Tube,,P00572,HL-101,Pool Floats & Recreation,Pool Floats & Recreation,Pool Care & Maintenance,,,$15.00,,,4,31inch ,,,,,"Screenshot 2025-07-08 165217.png (https://v5.airtableusercontent.com/v3/u/43/43/1752163200000/oKj35ddafyzoRTOS3pKO4w/_VI8Y7RgI2kk3F7mfkrXo8GA9HjpX_QOw7IoKDRv8wt5leF920JAh7yAkVU9wi1-Wr5g1z6yGFVSg6NIQkgsCZcKe5O5xXOjPkpeL4Nu8-AGi1aoJ9fFCR_5GX1LlSN7y9cGRXpxdFaph_uw_m0oJr8GkhprLrlrya5s-aIQzFcm8YDD6OK99lnYosx9V_jl/mvbIRjf4WBwADzSsB9oQYfWdjzS3wUkRti2lFHueTuU),image.jpg (https://v5.airtableusercontent.com/v3/u/43/43/1752163200000/wOj5p-kTn1jo3y9wol2UMQ/u3Z4b92Sn6q091jBsA_dG4jBNw_PNsVOPiV_xUBq1MA17c1goCNTHCWXEWuD-5eJc9wDy3tIRMjzQSvovNfWj5IXDmQ1HVdG3oUxLnu0-75fMYhK3QKRwHRr4tyZiYRwWLpLVMGbP-oJfhj108uZJg/NUpHntMZernRNWpEBDSX4OzTHTQzKNiVTBByy7a7HGE)",,,Sealed,,,,,,,,,,,Pay4more,Alexey,6/25/2025 5:18pm,Samar,7/9/2025 8:44pm,,Physical Goods,,,9,$60.00,,,,,checked,,,,Sun Squad Inflatable Swim Tube  | Sun Squad,Sun Squad,,Shop Sun Squad Inflatable Swim Tube  at Pay4more. 31inch,Sun Squad Inflatable Swim Tube  | Sun Squad,", sun, squad, inflatable, swim",sun-squad-inflatable-swim-tube-,Sun Squad Inflatable Swim Tube  - Sun Squad,,,,,,,,
Sun Squad Inflatable Fruit Design Swim Tube - Blue & Yellow,,P00573,HL-101,Pool Floats & Recreation,Pool Floats & Recreation,Pool Care & Maintenance,,,$15.00,,,9,Sun Squad Inflatable Fruit Design Swim Tube - Blue & Yellow,,,,,IMG_1320.jpeg (https://v5.airtableusercontent.com/v3/u/43/43/1752163200000/0BqK0P6DIFBR7wCSaI2n9A/satQKdFKelEqBIhnnJIGrhQdRnB9lmwAnnqpYMSZiVjPu5g-SujY-1okwswZXb-lW3SeNPU2TfCnVfpn-vk2C34QNWIxX0yaFgjJohUP0B4a3ZIzRro3gGmAki6s02Yud554CzBGs47Zyw1CTYOk-iz4318m6e3GQvqvwI6SCCE/71tKaEZ2hV5Qtj2I_SLOYwviLyxw23t9HhoA-qvkl0s),,,Sealed,,,,,,,,,,,Pay4more,Alexey,6/25/2025 4:38pm,Samar,7/9/2025 8:44pm,,Physical Goods,,,9,$135.00,,,,,checked,,,,Sun Squad Inflatable Fruit Design Swim Tube - Blue & Yell...,Sun Squad,,Shop Sun Squad Inflatable Fruit Design Swim Tube - Blue & Yellow at Pay4more. Sun Squad Inflatable Fruit Design Swim Tube - Blue & Yellow,Sun Squad Inflatable Fruit Design Swim Tube - Blue & Yell...,"sun, squad, inflatable, fruit, design",sun-squad-inflatable-fruit-design-swim-tube---blue--yellow,Sun Squad Inflatable Fruit Design Swim Tube - Blue & Yellow - Sun Squad,,,,,,,,
"Sun Squad Blue Inflatable Swim Tube With Handles, 36 Inch Diameter",,P00575,HL-101,Pool Floats & Recreation,Pool Floats & Recreation,Pool Care & Maintenance,,,$15.00,,,7,"Sun Squad Blue Inflatable Swim Tube With Handles, 36 Inch Diameter",,,,,IMG_1316.jpeg (https://v5.airtableusercontent.com/v3/u/43/43/1752163200000/QJU69Z8vqLlJ-XX7o5lnOg/ZK1htcXuxKpr9JSCh9hwp0KPJ5unUkgzMomNfYMrA7J8ynaiHZKT72bzE4FvWWv0pE9041qXx890mZsIp1wLrhUsac9OsA0x-vtiImgEapJXM38RQJUxj4xUFHpplGb2BfYpfxoz38-5y7ekXfzuC43XhnYaS5ZiGRRQJPPm_Iw/CXqkeamhlTtZcicNrNtFtnhU8CRjRmsLOb845TU3XCc),,,Sealed,,,,,,,,,,,Pay4more,Alexey,6/25/2025 4:23pm,Samar,7/9/2025 8:44pm,,Physical Goods,,,9,$105.00,,,,,checked,,,,Sun Squad Blue Inflatable Swim Tube With Handles | Sun Squad,Sun Squad,,"Shop Sun Squad Blue Inflatable Swim Tube With Handles, 36 Inch Diameter at Pay4more. Sun Squad Blue Inflatable Swim Tube With Handles, 36 Inch Diameter",Sun Squad Blue Inflatable Swim Tube With Handles | Sun Squad,"sun, squad, blue, inflatable, swim",sun-squad-blue-inflatable-swim-tube-with-handles-36-inch-diameter,"Sun Squad Blue Inflatable Swim Tube With Handles, 36 Inch Diameter - Sun Squad",,,,,,,,
Inflatable Round Swim Tube Pool Float Inner Tube Rainbow Summer Beach Lake 31”,,P00576,HL-101,Pool Floats & Recreation,Pool Floats & Recreation,Pool Care & Maintenance,,,$15.00,,,10,Inflatable Round Swim Tube Pool Float Inner Tube Rainbow Summer Beach Lake 31”,,,,,IMG_1315.jpeg (https://v5.airtableusercontent.com/v3/u/43/43/1752163200000/I6KSIroM_nIPLkQAWFHtkA/vORSt-xkJlHw9oOczPz-75EtPXUD1B8SYzKNfwzN5GhY_hol9mLCAQM6G2RDZg3GVTjWUUkxY6cHpK6zYcDj8UOgzxrNZAWJAq7LWvDErsKrf__qJJd4TkSiL8oA6lReGc77XvZRLzoI4DayweKfxFhgJFfkhKgvW61tqkTY77k/FGWsnygCE-dyWTZRmeWGlQ4qNtm9mL1XQqRzgEvm2x4),,,Sealed,,,,,,,,,,,Pay4more,Alexey,6/25/2025 4:14pm,Samar,7/9/2025 8:44pm,,Physical Goods,,,9,$150.00,,,,,checked,,,,Inflatable Round Swim Tube Pool Float Inner Tube Rainbow ...,Inflatable,,Shop Inflatable Round Swim Tube Pool Float Inner Tube Rainbow Summer Beach Lake 31” at Pay4more. Inflatable Round Swim Tube Pool Float Inner Tube Rainbow Sum...,Inflatable Round Swim Tube Pool Float Inner Tube Rainbow ...,"tube, inflatable, round, swim, pool",inflatable-round-swim-tube-pool-float-inner-tube-rainbow-summer-beach-lake-31,Inflatable Round Swim Tube Pool Float Inner Tube Rainbow Summer Beach Lake 31” - Inflatable,,,,,,,,
Sun Squad Inflatable swim tube 31 inch,,P00577,2B,Pool Floats & Recreation,Pool Floats & Recreation,Pool Care & Maintenance,,,$15.00,,,1,Sun Squad Inflatable swim tube 31 inch ,,,,,IMG_1317.jpeg (https://v5.airtableusercontent.com/v3/u/43/43/1752163200000/2fKao199xZsfLqzdpDuf8g/49gIvfhIg0eAbOubyRtCtdD4vew1VfVFqLQd8jEUfp3I4J4xG3Kk7begHfkbexLhyPThXuiD1ZDUZ62PCfn7imkWhfdY55YCZWzAJMmcq5xMYiMg3WYjbcPnbE-XpGSv8NMVWFoiaae9EL8mdo2IV5EJqd-ZDk4QO5IJh9U8RPM/DZzyrmOOAvJi3rfD7HmJAWFFQi10EkhtrSc8TkLCVDQ),,,Sealed,,,,,,,,,,,Pay4more,Alexey,6/25/2025 4:23pm,Samar,7/9/2025 8:44pm,,Physical Goods,,,9,$15.00,,,,,checked,,,,Sun Squad Inflatable swim tube 31 inch  | Sun Squad,Sun Squad,,Shop Sun Squad Inflatable swim tube 31 inch  at Pay4more. Sun Squad Inflatable swim tube 31 inch,Sun Squad Inflatable swim tube 31 inch  | Sun Squad,"sun, squad, inflatable, swim, tube",sun-squad-inflatable-swim-tube-31-inch-,Sun Squad Inflatable swim tube 31 inch  - Sun Squad,,,,,,,,
"Sun Squad 36"" Inflatable Retro Palm Tree Design Swin Tube with Handles",,P00578,2B,Pool Floats & Recreation,Pool Floats & Recreation,Pool Care & Maintenance,,,$15.00,,,1,"Sun Squad 36"" Inflatable Retro Palm Tree Design Swin Tube with Handles",,,,,Screenshot 2025-07-08 164734.png (https://v5.airtableusercontent.com/v3/u/43/43/1752163200000/_6It0kiAEsKbKo_YJij9MQ/sm4tFu6n7y7rkQkERPwemh97hMWug6N12UqtqCBXELomoiG7NG9RMmUKvj3ae83Ej6X4Hc60-NrQn5TP4KEAxK1CG_3qsyEdvgtQDhB0kBZTJl66PPvG2nF9POGnwQg_X7AEwDlUvDh_pxo0k6FhyEBTah0Tn8PjkPJ9DnYpxpeaVvlgnF2A1kdUCrLGJ0jG/kKLwXtr15LnYSDlprwNYbDrh_5H-BPKdFcXnhDf7y5g),,,Sealed,,,,,,,,,,,Pay4more,Alexey,6/25/2025 4:04pm,Samar,7/9/2025 8:44pm,,Physical Goods,,,9,$15.00,,,,,checked,,,,"Sun Squad 36"" Inflatable Retro Palm Tree Design Swin Tube...",Sun Squad,,"Shop Sun Squad 36"" Inflatable Retro Palm Tree Design Swin Tube with Handles at Pay4more. Sun Squad 36"" Inflatable Retro Palm Tree Design Swin Tube with Handles","Sun Squad 36"" Inflatable Retro Palm Tree Design Swin Tube...","sun, squad, 36"", inflatable, retro",sun-squad-36-inflatable-retro-palm-tree-design-swin-tube-with-handles,"Sun Squad 36"" Inflatable Retro Palm Tree Design Swin Tube with Handles - Sun Squad",,,,,,,,
Speedo Splash Jammer Life Jacket Swim Vest Kids Weight 33-55 lbs Dinosaur,,P00579,2B,Pool Floats & Recreation,Pool Floats & Recreation,Pool Care & Maintenance,,,$32.00,,,1,Speedo Splash Jammer Life Jacket Swim Vest Kids Weight 33-55 lbs Dinosaur,,,,,IMG_1313.jpeg (https://v5.airtableusercontent.com/v3/u/43/43/1752163200000/Ykjeqz5RhkXYagaq-_qHeg/UyspTe2GLmC26VBS10DRkk8dHBG5EbkvGYbDJdo9vyjWTJAOcr_pSlhJM4yYDhnHLgXF8tfdqovjob0CrFHwu_gb42t2obbZoda9Lgfnmc3KQIZKkOyDJKCG84lVZFLkDGH0qt9W30sUypNdAd7CWNaiYxqrQy0gFao-w9uunIU/WGb78Rh-07_NvvIeZw0wO_V-xw6intaRIwrpk08LNxk),,,Sealed,,,,,,,,,,,Pay4more,Alexey,6/25/2025 4:04pm,Samar,7/9/2025 8:44pm,,Physical Goods,,,19,$32.00,,,,,checked,,,,Speedo Splash Jammer Life Jacket Swim Vest Kids Weight 33...,Speedo,,Shop Speedo Splash Jammer Life Jacket Swim Vest Kids Weight 33-55 lbs Dinosaur at Pay4more. Speedo Splash Jammer Life Jacket Swim Vest Kids Weight 33-55 lbs ...,Speedo Splash Jammer Life Jacket Swim Vest Kids Weight 33...,"speedo, splash, jammer, life, jacket",speedo-splash-jammer-life-jacket-swim-vest-kids-weight-33-55-lbs-dinosaur,Speedo Splash Jammer Life Jacket Swim Vest Kids Weight 33-55 lbs Dinosaur - Speedo,,,,,,,,
"NEW Sun Squad- Inflatable Swim Tube Ice Cream Cone Blue 31"" Summer Pool",,P00585,HL-101,Pool Floats & Recreation,Pool Floats & Recreation,Pool Care & Maintenance,,,$15.00,,,4,"NEW Sun Squad- Inflatable Swim Tube Ice Cream Cone Blue 31"" Summer Pool",,,,,IMG_1318.jpeg (https://v5.airtableusercontent.com/v3/u/43/43/1752163200000/OGq-Rh_dbxD3mwV-8fUNQA/_1X6IJzSPbhlxMNSjL6mHl5HsI0HqyvuytGNjlaoiSxg5DDZWX28qdt125Q7Mc-gJ5F6tfP9I0rLfwicRy1X7QhAZOgwCxw1WRSDJzfmIhd0o5z9nzhVFfheo9aUV-_obi2rY2NiPIO0XNaeVhhHyzmXh49iA0x5jTJ73BRjU_Q/bMplsX_2rnRaT3v7ROj2MH1RelZvxJ0t2xgWNvImsYY),,,Sealed,,,,,,,,,,,Pay4more,Alexey,6/25/2025 4:29pm,Samar,7/9/2025 8:44pm,,Physical Goods,,,9,$60.00,,,,,checked,,,,NEW Sun Squad- Inflatable Swim Tube Ice Cream Cone Blue 3...,Sun Squad,,"Shop NEW Sun Squad- Inflatable Swim Tube Ice Cream Cone Blue 31"" Summer Pool at Pay4more. NEW Sun Squad- Inflatable Swim Tube Ice Cream Cone Blue 31"" Summer ...",NEW Sun Squad- Inflatable Swim Tube Ice Cream Cone Blue 3...,"new, sun, squad-, inflatable, swim",new-sun-squad--inflatable-swim-tube-ice-cream-cone-blue-31-summer-pool,"NEW Sun Squad- Inflatable Swim Tube Ice Cream Cone Blue 31"" Summer Pool - Sun Squad",,,,,,,,